zone_id,day_of_week,is_weekend,month,is_summer,temperature_f,precip_chance,nearby_event_type,base_foot_traffic,foot_traffic
downtown,2,0,3,0,54.3,0.39,music_venue,7800,7521
downtown,4,0,4,0,61.2,0.56,none,7800,5652
downtown,0,0,9,0,44.3,0.52,none,7800,5427
downtown,0,0,10,0,65.7,0.3,none,7800,6724
downtown,4,0,3,0,55.0,0.46,none,7800,5526
downtown,1,0,2,0,51.6,0.3,none,7800,6059
downtown,4,0,12,0,44.6,0.58,none,7800,4921
downtown,2,0,8,1,66.3,0.01,none,7800,8536
downtown,6,1,3,0,54.4,0.21,music_venue,7800,10273
downtown,2,0,10,0,48.0,0.45,none,7800,5678
downtown,6,1,6,1,76.0,0.19,none,7800,9687
downtown,4,0,6,1,63.1,0.05,none,7800,9153
downtown,6,1,8,1,74.4,0.12,none,7800,10700
downtown,5,1,12,0,41.3,0.45,theater,7800,9236
downtown,3,0,5,0,53.0,0.0,none,7800,8276
downtown,4,0,2,0,41.3,0.41,none,7800,5723
downtown,5,1,4,0,43.5,0.62,none,7800,6395
downtown,2,0,3,0,62.1,0.52,none,7800,4904
downtown,3,0,6,1,69.6,0.01,none,7800,9385
downtown,5,1,4,0,58.0,0.73,none,7800,5994
downtown,2,0,1,0,46.8,0.75,music_venue,7800,5863
downtown,4,0,10,0,52.9,0.17,none,7800,6266
downtown,6,1,11,0,58.1,0.16,none,7800,9817
downtown,0,0,4,0,62.0,0.47,none,7800,6057
downtown,2,0,10,0,56.1,0.35,none,7800,6707
downtown,0,0,2,0,45.8,0.74,none,7800,4089
downtown,2,0,6,1,66.6,0.03,none,7800,6876
downtown,3,0,8,1,73.2,0.08,theater,7800,10732
downtown,5,1,5,0,45.4,0.39,none,7800,7760
downtown,2,0,3,0,72.6,0.19,theater,7800,7507
downtown,2,0,11,0,63.1,0.12,none,7800,7292
downtown,6,1,4,0,59.1,0.01,none,7800,9579
downtown,1,0,10,0,63.6,0.0,music_venue,7800,9321
downtown,5,1,4,0,43.9,0.42,theater,7800,9419
downtown,0,0,5,0,51.5,0.37,music_venue,7800,5683
downtown,2,0,6,1,76.6,0.14,none,7800,8755
downtown,2,0,4,0,35.8,0.41,none,7800,4922
downtown,6,1,11,0,57.3,0.6,convention,7800,9617
downtown,6,1,12,0,43.0,0.32,none,7800,7772
downtown,6,1,12,0,38.6,0.39,convention,7800,10137
downtown,5,1,3,0,57.8,0.44,none,7800,8359
downtown,1,0,10,0,48.9,0.61,none,7800,4053
downtown,2,0,3,0,52.5,0.32,none,7800,7095
downtown,4,0,12,0,41.7,0.75,music_venue,7800,4980
downtown,6,1,4,0,60.8,0.37,none,7800,7970
downtown,4,0,7,1,66.7,0.12,theater,7800,9656
downtown,3,0,11,0,42.9,0.13,none,7800,7441
downtown,4,0,3,0,51.9,0.31,none,7800,6369
downtown,1,0,10,0,68.5,0.36,none,7800,5762
downtown,4,0,1,0,44.3,0.44,none,7800,6151
downtown,4,0,1,0,43.0,0.71,theater,7800,5404
downtown,6,1,2,0,42.7,0.29,none,7800,8080
downtown,4,0,4,0,53.3,0.14,none,7800,5784
downtown,5,1,9,0,58.3,0.69,none,7800,5305
downtown,4,0,4,0,58.0,0.26,none,7800,6576
downtown,1,0,7,1,72.8,0.23,theater,7800,10014
downtown,6,1,3,0,65.3,0.24,none,7800,8786
downtown,3,0,4,0,59.8,0.35,music_venue,7800,6970
downtown,1,0,11,0,58.1,0.25,none,7800,6328
downtown,1,0,6,1,71.5,0.03,none,7800,10022
seattle_center,4,0,8,1,70.9,0.11,none,5400,5540
seattle_center,0,0,2,0,38.8,0.9,festival,5400,9421
seattle_center,0,0,2,0,42.9,0.61,theater,5400,4897
seattle_center,3,0,11,0,59.7,0.41,none,5400,4006
seattle_center,4,0,10,0,49.8,0.36,none,5400,4318
seattle_center,0,0,5,0,51.8,0.61,music_venue,5400,4148
seattle_center,0,0,10,0,57.6,0.29,music_venue,5400,5005
seattle_center,4,0,7,1,73.6,0.17,none,5400,5619
seattle_center,4,0,12,0,43.2,0.65,none,5400,3485
seattle_center,2,0,11,0,57.5,0.24,none,5400,5349
seattle_center,4,0,11,0,58.8,0.52,none,5400,3926
seattle_center,5,1,9,0,57.2,0.23,none,5400,5862
seattle_center,3,0,2,0,39.1,0.31,none,5400,3526
seattle_center,4,0,5,0,51.8,0.13,none,5400,3901
seattle_center,6,1,12,0,42.6,0.44,festival,5400,13654
seattle_center,0,0,2,0,41.9,0.26,none,5400,3874
seattle_center,0,0,2,0,40.5,0.38,none,5400,4447
seattle_center,5,1,5,0,54.3,0.47,none,5400,5051
seattle_center,0,0,5,0,51.9,0.48,festival,5400,10808
seattle_center,2,0,4,0,57.7,0.34,none,5400,4436
seattle_center,3,0,5,0,51.3,0.35,none,5400,4572
seattle_center,0,0,3,0,56.2,0.3,none,5400,4583
seattle_center,2,0,11,0,57.0,0.61,none,5400,3606
seattle_center,5,1,10,0,45.8,0.21,festival,5400,13316
seattle_center,1,0,5,0,54.4,0.07,none,5400,5636
seattle_center,5,1,7,1,61.1,0.08,none,5400,6208
seattle_center,4,0,9,0,44.4,0.2,none,5400,4352
seattle_center,5,1,11,0,44.5,0.63,none,5400,4106
seattle_center,0,0,3,0,44.5,0.0,none,5400,5044
seattle_center,0,0,11,0,56.7,0.2,none,5400,4772
seattle_center,3,0,2,0,42.9,0.31,none,5400,4185
seattle_center,5,1,8,1,70.1,0.1,none,5400,7677
seattle_center,5,1,4,0,57.2,0.64,none,5400,4501
seattle_center,5,1,5,0,53.7,0.38,none,5400,4727
seattle_center,0,0,10,0,59.2,0.47,theater,5400,5371
seattle_center,0,0,8,1,79.3,0.17,theater,5400,7570
seattle_center,5,1,4,0,53.4,0.2,none,5400,5440
seattle_center,0,0,9,0,57.7,0.52,convention,5400,7729
seattle_center,0,0,5,0,43.5,0.44,festival,5400,10237
seattle_center,1,0,4,0,57.7,0.43,theater,5400,5764
seattle_center,2,0,6,1,79.5,0.24,none,5400,6207
seattle_center,1,0,8,1,65.9,0.19,none,5400,5236
seattle_center,0,0,8,1,69.5,0.01,theater,5400,7236
seattle_center,0,0,6,1,74.9,0.27,music_venue,5400,6281
seattle_center,0,0,4,0,52.5,0.0,none,5400,5049
seattle_center,6,1,10,0,61.0,0.75,theater,5400,6012
seattle_center,6,1,1,0,42.7,0.61,none,5400,4122
seattle_center,2,0,7,1,69.4,0.04,none,5400,6139
seattle_center,3,0,1,0,45.7,0.29,convention,5400,7519
seattle_center,5,1,2,0,40.7,0.86,none,5400,3490
seattle_center,6,1,3,0,52.5,0.22,none,5400,6090
seattle_center,3,0,7,1,70.6,0.05,theater,5400,8052
seattle_center,5,1,5,0,51.7,0.43,none,5400,4977
seattle_center,5,1,3,0,52.9,0.56,music_venue,5400,5665
seattle_center,4,0,4,0,50.0,0.4,theater,5400,5111
seattle_center,1,0,2,0,45.8,0.67,none,5400,3594
seattle_center,2,0,5,0,57.7,0.22,none,5400,5042
seattle_center,5,1,9,0,51.0,0.39,theater,5400,7132
seattle_center,3,0,5,0,50.1,0.26,theater,5400,5185
seattle_center,6,1,4,0,53.7,0.71,none,5400,4492
capitol_hill,5,1,8,1,67.3,0.14,music_venue,4900,7640
capitol_hill,3,0,12,0,42.5,0.58,festival,4900,8703
capitol_hill,3,0,1,0,53.3,0.75,convention,4900,4873
capitol_hill,3,0,4,0,54.6,0.38,none,4900,3656
capitol_hill,5,1,2,0,50.5,0.44,none,4900,4612
capitol_hill,4,0,1,0,37.5,0.65,none,4900,2919
capitol_hill,5,1,12,0,42.1,0.65,none,4900,3433
capitol_hill,0,0,2,0,37.2,0.77,music_venue,4900,3564
capitol_hill,2,0,4,0,56.1,0.34,none,4900,4257
capitol_hill,2,0,11,0,55.9,0.43,none,4900,3566
capitol_hill,4,0,4,0,63.1,0.39,none,4900,4176
capitol_hill,5,1,11,0,57.6,0.21,none,4900,5618
capitol_hill,2,0,4,0,45.2,0.36,theater,4900,4991
capitol_hill,0,0,5,0,61.4,0.33,none,4900,3713
capitol_hill,1,0,5,0,56.5,0.22,none,4900,4265
capitol_hill,0,0,10,0,70.6,0.22,none,4900,4578
capitol_hill,3,0,11,0,64.8,0.44,convention,4900,6455
capitol_hill,4,0,3,0,56.5,0.08,none,4900,5016
capitol_hill,3,0,12,0,49.0,0.33,festival,4900,11616
capitol_hill,1,0,11,0,53.4,0.65,none,4900,2953
capitol_hill,5,1,12,0,39.5,0.68,none,4900,3595
capitol_hill,2,0,2,0,43.3,0.25,none,4900,4666
capitol_hill,6,1,4,0,47.3,0.58,none,4900,4074
capitol_hill,5,1,8,1,69.6,0.14,none,4900,7193
capitol_hill,2,0,6,1,71.5,0.0,none,4900,5752
capitol_hill,3,0,1,0,50.0,0.39,music_venue,4900,4855
capitol_hill,0,0,5,0,56.9,0.42,music_venue,4900,4472
capitol_hill,4,0,1,0,55.5,0.53,none,4900,3931
capitol_hill,2,0,5,0,67.7,0.36,convention,4900,5788
capitol_hill,0,0,4,0,43.5,0.6,none,4900,3385
capitol_hill,6,1,7,1,75.3,0.0,music_venue,4900,8593
capitol_hill,0,0,12,0,47.3,0.45,none,4900,3991
capitol_hill,1,0,6,1,76.3,0.01,theater,4900,6724
capitol_hill,3,0,3,0,51.3,0.35,none,4900,4008
capitol_hill,4,0,9,0,47.0,0.85,music_venue,4900,3539
capitol_hill,0,0,4,0,55.6,0.54,theater,4900,5208
capitol_hill,3,0,3,0,56.7,0.56,none,4900,3416
capitol_hill,5,1,2,0,33.3,0.58,none,4900,3556
capitol_hill,2,0,6,1,71.9,0.18,none,4900,5311
capitol_hill,2,0,10,0,60.7,0.38,none,4900,4078
capitol_hill,1,0,9,0,46.0,0.3,none,4900,3853
capitol_hill,0,0,8,1,72.4,0.15,none,4900,5071
capitol_hill,2,0,1,0,45.6,0.45,none,4900,3122
capitol_hill,1,0,2,0,37.5,0.27,none,4900,4323
capitol_hill,2,0,11,0,59.1,0.32,music_venue,4900,4984
capitol_hill,1,0,1,0,47.7,0.59,none,4900,3391
capitol_hill,6,1,1,0,45.1,0.36,none,4900,4596
capitol_hill,0,0,8,1,70.3,0.07,none,4900,5467
capitol_hill,3,0,11,0,46.5,0.26,none,4900,4310
capitol_hill,3,0,5,0,65.2,0.25,none,4900,4088
capitol_hill,5,1,10,0,61.4,0.21,none,4900,5632
capitol_hill,5,1,4,0,43.5,0.19,convention,4900,8123
capitol_hill,3,0,3,0,44.5,0.52,none,4900,3570
capitol_hill,1,0,3,0,50.8,0.6,none,4900,3252
capitol_hill,3,0,2,0,32.7,0.35,theater,4900,5288
capitol_hill,1,0,9,0,61.7,0.39,none,4900,4069
capitol_hill,6,1,4,0,51.7,0.71,none,4900,3898
capitol_hill,4,0,11,0,52.8,0.02,none,4900,5343
capitol_hill,5,1,4,0,49.0,0.16,none,4900,4898
capitol_hill,0,0,7,1,73.3,0.15,none,4900,5201
slu,1,0,4,0,68.7,0.28,none,4100,4070
slu,5,1,1,0,36.6,0.46,none,4100,3321
slu,3,0,9,0,63.1,0.07,none,4100,3985
slu,3,0,11,0,60.9,0.19,none,4100,4020
slu,0,0,10,0,63.8,0.33,none,4100,3095
slu,6,1,3,0,47.2,0.43,none,4100,3518
slu,2,0,7,1,64.8,0.23,none,4100,4030
slu,1,0,2,0,41.8,0.7,theater,4100,3754
slu,0,0,1,0,43.1,0.13,none,4100,3650
slu,0,0,10,0,54.4,0.31,none,4100,2900
slu,3,0,5,0,71.0,0.23,none,4100,3978
slu,0,0,6,1,58.5,0.04,none,4100,4295
slu,4,0,5,0,62.4,0.23,none,4100,4026
slu,4,0,5,0,54.2,0.24,none,4100,3408
slu,1,0,3,0,47.8,0.51,none,4100,2755
slu,6,1,5,0,62.0,0.53,none,4100,3962
slu,2,0,8,1,64.6,0.06,music_venue,4100,6405
slu,5,1,7,1,83.5,0.09,none,4100,5502
slu,2,0,10,0,59.8,0.49,none,4100,3089
slu,0,0,5,0,65.6,0.41,none,4100,3115
slu,6,1,10,0,69.4,0.17,theater,4100,6421
slu,2,0,10,0,51.0,0.2,none,4100,3371
slu,0,0,3,0,46.4,0.37,none,4100,3460
slu,2,0,2,0,45.2,0.31,none,4100,3230
slu,2,0,10,0,60.5,0.49,music_venue,4100,3883
slu,6,1,4,0,57.0,0.29,none,4100,3969
slu,1,0,11,0,57.4,0.15,none,4100,4230
slu,4,0,6,1,72.6,0.0,music_venue,4100,5296
slu,1,0,3,0,57.7,0.32,none,4100,3257
slu,0,0,2,0,45.1,0.8,convention,4100,4736
slu,1,0,7,1,74.6,0.23,none,4100,3855
slu,1,0,9,0,46.0,0.29,none,4100,3535
slu,5,1,8,1,71.9,0.09,music_venue,4100,6505
slu,5,1,11,0,48.2,0.21,none,4100,4474
slu,1,0,11,0,62.1,0.39,theater,4100,4552
slu,5,1,1,0,33.9,0.52,none,4100,3676
slu,6,1,9,0,61.8,0.32,convention,4100,7017
slu,4,0,1,0,41.7,0.76,music_venue,4100,3525
slu,1,0,3,0,55.8,0.17,music_venue,4100,4397
slu,6,1,11,0,60.6,0.85,music_venue,4100,3209
slu,4,0,8,1,64.7,0.12,none,4100,5233
slu,1,0,10,0,58.9,0.61,none,4100,2499
slu,4,0,2,0,40.2,0.5,none,4100,3031
slu,1,0,6,1,77.4,0.25,none,4100,4154
slu,1,0,12,0,42.1,0.5,none,4100,3235
slu,6,1,6,1,75.4,0.18,none,4100,6540
slu,5,1,2,0,49.1,0.32,theater,4100,5372
slu,1,0,2,0,45.5,1.0,convention,4100,4451
slu,6,1,11,0,66.0,0.52,none,4100,3646
slu,6,1,11,0,56.5,0.4,none,4100,4296
slu,0,0,6,1,71.8,0.18,theater,4100,5555
slu,4,0,9,0,60.5,0.19,theater,4100,5311
slu,6,1,7,1,79.1,0.12,none,4100,5619
slu,4,0,4,0,56.4,0.27,music_venue,4100,3686
slu,1,0,7,1,76.0,0.1,theater,4100,6164
slu,3,0,2,0,42.9,0.19,none,4100,3513
slu,3,0,10,0,48.4,0.66,none,4100,2700
slu,1,0,12,0,41.6,0.56,convention,4100,5424
slu,6,1,2,0,27.7,0.59,none,4100,2928
slu,3,0,7,1,67.9,0.23,none,4100,3802
belltown,5,1,1,0,40.1,0.67,none,3700,2611
belltown,5,1,4,0,54.8,0.45,none,3700,3433
belltown,2,0,10,0,54.1,0.45,music_venue,3700,3321
belltown,1,0,8,1,63.6,0.0,none,3700,4427
belltown,2,0,8,1,66.2,0.0,none,3700,4190
belltown,6,1,10,0,67.7,0.42,none,3700,3892
belltown,2,0,10,0,51.9,0.33,none,3700,3225
belltown,5,1,2,0,55.6,0.7,none,3700,3139
belltown,1,0,3,0,59.2,0.04,none,3700,3823
belltown,0,0,5,0,65.4,0.4,none,3700,3227
belltown,3,0,7,1,69.5,0.0,none,3700,4121
belltown,4,0,12,0,43.6,0.28,convention,3700,5897
belltown,3,0,12,0,35.6,0.4,none,3700,2705
belltown,6,1,11,0,67.1,0.23,theater,3700,4883
belltown,5,1,2,0,38.8,0.6,none,3700,3036
belltown,3,0,12,0,40.7,0.52,music_venue,3700,3136
belltown,3,0,8,1,83.8,0.12,none,3700,3863
belltown,5,1,6,1,61.7,0.12,none,3700,4503
belltown,0,0,1,0,43.0,0.69,theater,3700,3872
belltown,2,0,2,0,42.0,0.68,none,3700,2042
belltown,3,0,9,0,68.4,0.39,none,3700,2847
belltown,3,0,4,0,65.6,0.48,none,3700,2835
belltown,0,0,12,0,47.7,0.53,none,3700,2509
belltown,0,0,2,0,48.0,0.37,theater,3700,4547
belltown,2,0,10,0,55.5,0.49,theater,3700,4587
belltown,1,0,7,1,69.3,0.04,convention,3700,6779
belltown,0,0,11,0,59.5,0.62,theater,3700,4055
belltown,5,1,11,0,52.4,0.52,none,3700,2854
belltown,2,0,9,0,48.8,0.07,none,3700,3513
belltown,5,1,7,1,67.8,0.0,theater,3700,5403
belltown,3,0,1,0,46.1,0.21,none,3700,3023
belltown,3,0,7,1,67.7,0.07,convention,3700,6455
belltown,1,0,5,0,57.5,0.3,music_venue,3700,4385
belltown,1,0,9,0,49.2,0.49,none,3700,2381
belltown,0,0,4,0,65.8,0.26,none,3700,3419
belltown,1,0,3,0,58.3,0.38,none,3700,2748
belltown,3,0,9,0,63.3,0.72,none,3700,2123
belltown,6,1,11,0,43.1,0.42,theater,3700,4666
belltown,4,0,2,0,42.7,0.34,music_venue,3700,3452
belltown,1,0,3,0,54.1,0.1,none,3700,3547
belltown,1,0,12,0,37.1,0.56,none,3700,2386
belltown,6,1,6,1,71.5,0.0,none,3700,5534
belltown,6,1,8,1,67.6,0.17,festival,3700,13032
belltown,5,1,11,0,60.5,0.62,theater,3700,4705
belltown,2,0,2,0,37.3,0.53,convention,3700,5539
belltown,5,1,3,0,58.4,0.14,none,3700,4911
belltown,3,0,9,0,41.4,0.2,none,3700,3005
belltown,0,0,5,0,60.5,0.25,none,3700,3732
belltown,4,0,5,0,60.5,0.22,none,3700,3194
belltown,1,0,6,1,72.1,0.09,festival,3700,10685
belltown,0,0,1,0,37.9,0.7,none,3700,1965
belltown,0,0,1,0,40.7,0.91,none,3700,1825
belltown,6,1,11,0,63.7,0.44,none,3700,3518
belltown,5,1,12,0,45.0,0.4,none,3700,2942
belltown,0,0,11,0,49.4,0.14,none,3700,3058
belltown,3,0,2,0,34.4,0.8,none,3700,1785
belltown,6,1,3,0,58.0,0.1,none,3700,4305
belltown,2,0,1,0,48.0,0.29,convention,3700,5788
belltown,0,0,8,1,70.4,0.09,none,3700,4270
belltown,3,0,8,1,64.7,0.24,none,3700,3857
pioneer_square,3,0,7,1,69.6,0.09,none,3200,3862
pioneer_square,3,0,1,0,38.7,0.85,festival,3200,8657
pioneer_square,6,1,2,0,43.5,0.65,none,3200,2411
pioneer_square,3,0,12,0,49.4,0.53,none,3200,1810
pioneer_square,5,1,12,0,42.1,0.44,theater,3200,4245
pioneer_square,3,0,8,1,79.4,0.0,convention,3200,5427
pioneer_square,0,0,12,0,44.7,0.56,music_venue,3200,2790
pioneer_square,3,0,5,0,47.0,0.25,festival,3200,10646
pioneer_square,6,1,8,1,67.9,0.04,convention,3200,6925
pioneer_square,1,0,3,0,48.2,0.45,festival,3200,9268
pioneer_square,1,0,11,0,58.6,0.13,theater,3200,4231
pioneer_square,6,1,10,0,57.6,0.27,music_venue,3200,4483
pioneer_square,6,1,10,0,55.8,0.32,none,3200,3492
pioneer_square,1,0,7,1,65.1,0.03,theater,3200,5367
pioneer_square,1,0,8,1,71.9,0.11,none,3200,3207
pioneer_square,6,1,1,0,46.1,0.52,convention,3200,5471
pioneer_square,4,0,3,0,54.0,0.74,music_venue,3200,2506
pioneer_square,2,0,9,0,41.8,0.57,music_venue,3200,3032
pioneer_square,1,0,12,0,46.3,0.49,music_venue,3200,2895
pioneer_square,2,0,10,0,57.0,0.35,none,3200,2232
pioneer_square,0,0,9,0,60.2,0.03,none,3200,2735
pioneer_square,6,1,9,0,48.8,0.25,none,3200,3659
pioneer_square,1,0,4,0,66.6,0.55,none,3200,2183
pioneer_square,6,1,9,0,52.9,0.44,convention,3200,5239
pioneer_square,3,0,6,1,75.9,0.03,none,3200,3982
pioneer_square,0,0,6,1,74.6,0.07,none,3200,4032
pioneer_square,1,0,10,0,47.0,0.37,none,3200,2501
pioneer_square,3,0,10,0,48.7,0.57,none,3200,1747
pioneer_square,0,0,6,1,73.1,0.16,none,3200,3776
pioneer_square,6,1,12,0,45.0,0.08,convention,3200,6478
pioneer_square,0,0,10,0,45.9,0.0,theater,3200,4851
pioneer_square,1,0,11,0,59.3,0.73,none,3200,2134
pioneer_square,1,0,8,1,75.4,0.02,none,3200,3727
pioneer_square,2,0,6,1,68.4,0.22,none,3200,3383
pioneer_square,0,0,5,0,58.5,0.04,none,3200,3252
pioneer_square,1,0,6,1,71.8,0.11,theater,3200,4081
pioneer_square,2,0,10,0,46.1,0.17,none,3200,2725
pioneer_square,0,0,6,1,76.1,0.04,none,3200,3755
pioneer_square,1,0,11,0,62.1,0.21,convention,3200,5489
pioneer_square,6,1,4,0,52.1,0.6,none,3200,2798
pioneer_square,5,1,3,0,59.1,0.0,convention,3200,6483
pioneer_square,0,0,8,1,72.8,0.19,none,3200,3342
pioneer_square,0,0,11,0,51.8,0.48,theater,3200,3960
pioneer_square,1,0,8,1,78.0,0.15,none,3200,3356
pioneer_square,1,0,1,0,41.7,0.93,none,3200,1549
pioneer_square,2,0,8,1,78.1,0.14,festival,3200,10310
pioneer_square,0,0,11,0,64.2,0.17,none,3200,2815
pioneer_square,2,0,4,0,56.8,0.56,none,3200,2197
pioneer_square,1,0,4,0,60.7,0.45,convention,3200,5571
pioneer_square,2,0,3,0,60.0,0.39,music_venue,3200,3365
pioneer_square,2,0,9,0,56.3,0.36,music_venue,3200,3209
pioneer_square,3,0,1,0,42.5,0.67,none,3200,1863
pioneer_square,6,1,3,0,51.0,0.33,none,3200,2830
pioneer_square,4,0,12,0,37.4,0.39,none,3200,2341
pioneer_square,4,0,11,0,52.6,0.0,none,3200,3558
pioneer_square,4,0,7,1,72.6,0.22,none,3200,2814
pioneer_square,2,0,6,1,70.3,0.24,convention,3200,6140
pioneer_square,6,1,8,1,75.3,0.2,none,3200,4609
pioneer_square,4,0,6,1,81.1,0.14,none,3200,3184
pioneer_square,4,0,2,0,52.1,0.78,music_venue,3200,2833
sodo,6,1,6,1,74.2,0.0,none,1600,2345
sodo,5,1,8,1,74.8,0.08,music_venue,1600,3089
sodo,1,0,1,0,43.1,0.64,none,1600,1038
sodo,6,1,1,0,45.3,1.0,theater,1600,2417
sodo,2,0,1,0,46.7,0.31,none,1600,1293
sodo,2,0,2,0,48.4,0.54,none,1600,1071
sodo,3,0,10,0,50.3,0.35,none,1600,1222
sodo,4,0,4,0,58.1,0.42,music_venue,1600,1972
sodo,1,0,1,0,47.6,0.47,none,1600,1207
sodo,3,0,1,0,37.8,0.58,none,1600,941
sodo,2,0,12,0,30.0,0.77,music_venue,1600,1832
sodo,6,1,9,0,49.3,0.58,festival,1600,8598
sodo,2,0,4,0,63.1,0.14,none,1600,1589
sodo,2,0,7,1,74.4,0.15,none,1600,1943
sodo,3,0,7,1,74.3,0.0,stadium,1600,11555
sodo,0,0,1,0,33.3,0.74,convention,1600,3089
sodo,4,0,5,0,47.2,0.09,none,1600,1523
sodo,0,0,7,1,73.8,0.1,none,1600,1826
sodo,2,0,11,0,57.2,0.41,festival,1600,9498
sodo,0,0,8,1,65.9,0.0,none,1600,1653
sodo,4,0,3,0,67.7,0.06,music_venue,1600,2432
sodo,4,0,5,0,59.0,0.5,music_venue,1600,1797
sodo,1,0,9,0,54.1,0.13,none,1600,1375
sodo,2,0,1,0,39.3,0.56,none,1600,1099
sodo,3,0,10,0,43.3,0.63,none,1600,1068
sodo,2,0,8,1,70.4,0.07,none,1600,2084
sodo,0,0,1,0,44.0,0.61,music_venue,1600,1766
sodo,3,0,8,1,72.8,0.0,none,1600,2088
sodo,5,1,12,0,47.8,0.47,stadium,1600,10801
sodo,4,0,5,0,59.6,0.45,theater,1600,2485
sodo,5,1,8,1,71.0,0.24,stadium,1600,10769
sodo,0,0,1,0,38.1,0.34,none,1600,1281
sodo,3,0,10,0,64.0,0.66,none,1600,1022
sodo,6,1,8,1,70.0,0.07,none,1600,2102
sodo,2,0,7,1,64.0,0.08,stadium,1600,12166
sodo,3,0,7,1,72.4,0.04,none,1600,1873
sodo,1,0,7,1,65.0,0.04,none,1600,1901
sodo,6,1,10,0,53.0,0.62,none,1600,1086
sodo,3,0,1,0,46.8,0.57,convention,1600,3449
sodo,2,0,9,0,64.3,0.19,music_venue,1600,2148
sodo,5,1,11,0,48.9,0.45,none,1600,1415
sodo,0,0,11,0,49.1,0.48,none,1600,1176
sodo,4,0,7,1,63.8,0.0,none,1600,1879
sodo,3,0,8,1,77.8,0.12,none,1600,1485
sodo,1,0,6,1,65.1,0.35,music_venue,1600,2188
sodo,2,0,12,0,42.8,0.29,none,1600,1477
sodo,3,0,11,0,59.2,0.49,none,1600,1129
sodo,1,0,1,0,42.9,0.36,none,1600,1121
sodo,5,1,11,0,54.2,0.05,none,1600,2185
sodo,4,0,1,0,43.1,0.72,none,1600,879
sodo,0,0,11,0,60.3,0.37,theater,1600,2385
sodo,4,0,9,0,50.2,0.61,none,1600,1039
sodo,0,0,3,0,62.5,0.63,none,1600,1118
sodo,4,0,8,1,74.2,0.16,music_venue,1600,2277
sodo,0,0,11,0,68.0,0.38,none,1600,1312
sodo,1,0,1,0,38.4,0.54,convention,1600,3679
sodo,4,0,2,0,39.8,0.73,none,1600,1044
sodo,4,0,1,0,46.5,0.29,none,1600,1351
sodo,0,0,3,0,68.5,0.18,none,1600,1694
sodo,2,0,7,1,65.4,0.0,none,1600,1609
u_district,0,0,4,0,51.4,0.08,arena,4400,8977
u_district,5,1,8,1,75.1,0.3,none,4400,5584
u_district,1,0,6,1,71.5,0.11,music_venue,4400,5309
u_district,2,0,9,0,60.0,0.48,stadium,4400,11671
u_district,0,0,7,1,74.6,0.02,none,4400,5290
u_district,1,0,7,1,76.6,0.24,none,4400,4668
u_district,1,0,4,0,55.2,0.27,none,4400,3840
u_district,3,0,8,1,69.3,0.19,none,4400,4006
u_district,2,0,4,0,54.8,0.16,festival,4400,11577
u_district,4,0,4,0,72.6,0.38,none,4400,4045
u_district,5,1,5,0,49.8,0.23,festival,4400,10779
u_district,4,0,4,0,54.5,0.58,theater,4400,4901
u_district,0,0,9,0,62.8,0.09,theater,4400,6546
u_district,1,0,5,0,58.0,0.66,theater,4400,4378
u_district,6,1,4,0,51.5,0.62,none,4400,3334
u_district,4,0,5,0,53.5,0.46,none,4400,3651
u_district,2,0,3,0,58.9,0.17,none,4400,4263
u_district,5,1,11,0,49.5,0.42,none,4400,4005
u_district,0,0,6,1,68.2,0.0,none,4400,4585
u_district,5,1,8,1,76.6,0.1,none,4400,7165
u_district,5,1,2,0,44.0,0.64,convention,4400,5833
u_district,0,0,7,1,62.6,0.16,none,4400,4608
u_district,2,0,3,0,54.5,0.39,none,4400,3341
u_district,6,1,4,0,52.6,0.06,none,4400,4974
u_district,3,0,11,0,53.4,0.18,none,4400,4213
u_district,2,0,1,0,35.5,0.74,theater,4400,3617
u_district,1,0,11,0,65.5,0.58,none,4400,3485
u_district,0,0,7,1,66.9,0.07,theater,4400,5905
u_district,6,1,4,0,55.4,0.44,convention,4400,5593
u_district,5,1,9,0,63.4,0.32,arena,4400,8646
u_district,3,0,9,0,66.2,0.45,none,4400,2818
u_district,1,0,8,1,71.0,0.1,theater,4400,6208
u_district,6,1,9,0,55.4,0.6,festival,4400,9992
u_district,1,0,1,0,38.2,0.64,none,4400,2828
u_district,5,1,5,0,62.9,0.58,none,4400,3380
u_district,0,0,9,0,57.2,0.31,stadium,4400,12171
u_district,5,1,5,0,63.3,0.58,arena,4400,9421
u_district,0,0,9,0,65.8,0.0,theater,4400,6619
u_district,1,0,10,0,69.3,0.3,none,4400,4011
u_district,0,0,6,1,80.8,0.07,convention,4400,7649
u_district,2,0,4,0,60.6,0.46,festival,4400,10836
u_district,4,0,6,1,77.5,0.07,none,4400,5579
u_district,3,0,8,1,80.2,0.18,festival,4400,11383
u_district,3,0,7,1,70.9,0.0,none,4400,5200
u_district,2,0,2,0,38.7,0.33,convention,4400,5664
u_district,1,0,2,0,39.9,0.58,theater,4400,4376
u_district,6,1,3,0,54.7,0.47,stadium,4400,14417
u_district,1,0,2,0,33.6,0.63,theater,4400,3518
u_district,2,0,7,1,76.5,0.27,none,4400,4164
u_district,2,0,5,0,62.5,0.35,arena,4400,9362
u_district,5,1,12,0,41.7,0.59,none,4400,3121
u_district,2,0,10,0,61.3,0.28,theater,4400,5234
u_district,1,0,3,0,38.6,0.53,none,4400,3144
u_district,1,0,4,0,57.9,0.35,music_venue,4400,4374
u_district,6,1,9,0,50.9,0.42,stadium,4400,12053
u_district,2,0,2,0,42.5,0.28,music_venue,4400,4540
u_district,5,1,3,0,55.5,0.36,music_venue,4400,4968
u_district,3,0,2,0,37.2,0.32,none,4400,3287
u_district,4,0,11,0,68.6,0.0,festival,4400,10398
u_district,0,0,12,0,36.8,0.43,none,4400,2813
ballard,4,0,7,1,78.6,0.07,none,3000,3401
ballard,5,1,1,0,47.4,0.63,theater,3000,3692
ballard,5,1,2,0,47.0,0.76,music_venue,3000,2802
ballard,3,0,7,1,75.4,0.1,festival,3000,10978
ballard,1,0,9,0,56.0,0.21,music_venue,3000,3361
ballard,5,1,5,0,52.4,0.31,none,3000,2900
ballard,4,0,10,0,52.2,0.04,convention,3000,4628
ballard,5,1,2,0,39.0,0.58,none,3000,2286
ballard,4,0,12,0,49.4,0.14,none,3000,2392
ballard,4,0,3,0,58.7,0.48,none,3000,2220
ballard,0,0,3,0,49.2,0.55,none,3000,2092
ballard,5,1,10,0,56.6,0.56,none,3000,2540
ballard,1,0,7,1,74.2,0.08,festival,3000,10526
ballard,5,1,6,1,74.8,0.18,none,3000,4469
ballard,6,1,12,0,39.0,0.21,none,3000,2819
ballard,2,0,12,0,48.9,0.18,none,3000,2659
ballard,2,0,9,0,51.6,0.59,none,3000,2098
ballard,2,0,4,0,53.2,0.34,festival,3000,9281
ballard,3,0,2,0,44.5,0.33,none,3000,2352
ballard,2,0,11,0,60.0,0.17,music_venue,3000,3104
ballard,4,0,12,0,43.3,0.39,none,3000,2814
ballard,3,0,9,0,59.5,0.3,music_venue,3000,3357
ballard,0,0,3,0,48.7,0.15,music_venue,3000,3897
ballard,3,0,7,1,70.1,0.13,none,3000,3891
ballard,2,0,6,1,66.9,0.08,none,3000,3167
ballard,6,1,6,1,69.1,0.09,none,3000,3853
ballard,2,0,6,1,79.9,0.1,none,3000,3719
ballard,4,0,1,0,43.7,0.33,none,3000,2122
ballard,3,0,5,0,75.9,0.59,none,3000,1988
ballard,1,0,12,0,40.0,0.8,theater,3000,3145
ballard,6,1,4,0,57.5,0.07,none,3000,3487
ballard,6,1,4,0,60.3,0.68,theater,3000,3370
ballard,2,0,6,1,71.5,0.0,none,3000,3308
ballard,3,0,6,1,78.1,0.18,none,3000,3327
ballard,6,1,8,1,59.3,0.1,music_venue,3000,4994
ballard,1,0,1,0,42.9,0.78,none,3000,1507
ballard,3,0,10,0,58.3,0.0,none,3000,2972
ballard,5,1,10,0,61.7,0.0,none,3000,3620
ballard,1,0,10,0,64.3,0.23,none,3000,2570
ballard,6,1,12,0,47.5,0.19,none,3000,3490
ballard,3,0,6,1,75.9,0.05,none,3000,3637
ballard,2,0,4,0,56.6,0.31,none,3000,2369
ballard,1,0,10,0,54.3,0.58,none,3000,2038
ballard,1,0,10,0,58.4,0.42,music_venue,3000,3160
ballard,4,0,6,1,71.9,0.09,none,3000,3319
ballard,2,0,1,0,42.3,0.59,theater,3000,3657
ballard,5,1,8,1,64.5,0.18,none,3000,4145
ballard,0,0,2,0,44.8,0.42,none,3000,2094
ballard,4,0,7,1,71.7,0.21,none,3000,3397
ballard,2,0,1,0,40.1,0.28,music_venue,3000,3392
ballard,1,0,2,0,46.4,0.57,none,3000,2076
ballard,2,0,7,1,67.2,0.02,music_venue,3000,4655
ballard,1,0,11,0,65.1,0.32,none,3000,2295
ballard,3,0,1,0,36.8,0.58,theater,3000,3166
ballard,5,1,8,1,66.7,0.07,none,3000,4124
ballard,4,0,8,1,76.5,0.25,festival,3000,10959
ballard,1,0,11,0,57.6,0.68,none,3000,1972
ballard,0,0,9,0,56.7,0.1,none,3000,2857
ballard,4,0,6,1,71.0,0.0,music_venue,3000,4680
ballard,4,0,1,0,36.2,0.36,none,3000,2443
fremont,6,1,8,1,75.0,0.31,convention,2700,5569
fremont,6,1,1,0,45.2,0.8,none,2700,1957
fremont,5,1,7,1,69.4,0.02,none,2700,3406
fremont,3,0,11,0,66.7,0.25,none,2700,2337
fremont,2,0,12,0,39.7,0.61,none,2700,1697
fremont,2,0,8,1,63.4,0.13,none,2700,3145
fremont,6,1,5,0,59.6,0.32,none,2700,2851
fremont,6,1,4,0,56.3,0.51,music_venue,2700,3575
fremont,1,0,10,0,67.6,0.46,music_venue,2700,2908
fremont,6,1,8,1,70.2,0.18,festival,2700,12077
fremont,2,0,11,0,59.4,0.36,festival,2700,10813
fremont,1,0,9,0,56.9,0.34,none,2700,2129
fremont,5,1,7,1,76.6,0.15,convention,2700,5987
fremont,0,0,10,0,41.9,0.38,theater,2700,4013
fremont,0,0,3,0,50.9,0.35,none,2700,2178
fremont,2,0,2,0,43.6,0.62,none,2700,1646
fremont,1,0,9,0,52.0,0.4,theater,2700,3854
fremont,4,0,2,0,49.6,0.17,festival,2700,9119
fremont,0,0,6,1,83.6,0.06,festival,2700,10244
fremont,5,1,3,0,58.7,0.51,festival,2700,9525
fremont,1,0,9,0,67.8,0.45,festival,2700,9058
fremont,0,0,11,0,62.2,0.19,none,2700,2527
fremont,3,0,12,0,42.0,0.35,none,2700,1676
fremont,3,0,7,1,79.8,0.23,convention,2700,4824
fremont,5,1,1,0,43.4,0.79,festival,2700,8432
fremont,1,0,4,0,45.4,0.31,none,2700,2096
fremont,5,1,1,0,37.7,0.69,theater,2700,3061
fremont,3,0,10,0,59.7,0.68,music_venue,2700,2521
fremont,4,0,6,1,55.7,0.0,none,2700,2708
fremont,3,0,6,1,64.8,0.08,none,2700,2726
fremont,4,0,11,0,53.3,0.19,none,2700,2688
fremont,2,0,8,1,67.3,0.16,none,2700,2681
fremont,1,0,2,0,48.5,0.44,none,2700,1703
fremont,1,0,11,0,53.8,0.52,none,2700,2163
fremont,5,1,11,0,57.4,0.31,none,2700,3040
fremont,0,0,7,1,62.4,0.14,none,2700,2957
fremont,2,0,11,0,58.8,0.12,none,2700,2733
fremont,3,0,12,0,45.6,0.77,theater,2700,3223
fremont,1,0,9,0,62.2,0.59,none,2700,1760
fremont,2,0,9,0,55.3,0.24,none,2700,2494
fremont,1,0,1,0,41.4,0.52,none,2700,1799
fremont,2,0,5,0,50.5,0.37,none,2700,2432
fremont,5,1,8,1,74.5,0.05,none,2700,4010
fremont,2,0,1,0,36.3,0.51,none,2700,1660
fremont,6,1,5,0,63.3,0.31,music_venue,2700,3517
fremont,4,0,3,0,61.5,0.47,festival,2700,8845
fremont,5,1,10,0,48.8,0.56,none,2700,2548
fremont,3,0,7,1,76.3,0.0,convention,2700,5636
fremont,6,1,1,0,48.0,0.71,convention,2700,4380
fremont,3,0,3,0,48.9,0.52,none,2700,1782
fremont,4,0,1,0,39.1,0.26,none,2700,2416
fremont,4,0,6,1,74.3,0.12,none,2700,2580
fremont,1,0,2,0,42.2,0.53,none,2700,1866
fremont,3,0,1,0,40.2,0.61,none,2700,1607
fremont,6,1,1,0,35.1,0.45,music_venue,2700,3306
fremont,0,0,11,0,61.5,0.46,none,2700,2187
fremont,0,0,3,0,61.6,0.34,none,2700,2201
fremont,6,1,5,0,61.0,0.13,none,2700,3111
fremont,0,0,5,0,51.3,0.73,music_venue,2700,2486
fremont,1,0,3,0,51.8,0.58,none,2700,1865
queen_anne,3,0,11,0,46.8,0.37,none,2300,1803
queen_anne,5,1,9,0,51.6,0.18,none,2300,2266
queen_anne,0,0,7,1,82.7,0.04,none,2300,2786
queen_anne,1,0,12,0,48.3,0.69,music_venue,2300,2650
queen_anne,5,1,8,1,73.2,0.16,none,2300,3165
queen_anne,1,0,2,0,41.0,0.64,none,2300,1283
queen_anne,5,1,9,0,55.7,0.23,none,2300,2455
queen_anne,6,1,4,0,44.6,0.24,theater,2300,3859
queen_anne,5,1,4,0,48.2,0.33,none,2300,2342
queen_anne,1,0,11,0,57.2,0.51,none,2300,1492
queen_anne,3,0,3,0,66.7,0.02,none,2300,2498
queen_anne,6,1,4,0,62.4,0.6,theater,2300,3127
queen_anne,5,1,3,0,54.0,0.49,none,2300,2174
queen_anne,5,1,4,0,72.5,0.31,none,2300,2585
queen_anne,5,1,5,0,57.5,0.6,none,2300,1703
queen_anne,3,0,6,1,74.1,0.08,music_venue,2300,3284
queen_anne,0,0,11,0,76.7,0.04,convention,2300,4619
queen_anne,2,0,1,0,42.3,0.55,convention,2300,3645
queen_anne,0,0,4,0,42.1,0.39,none,2300,1761
queen_anne,6,1,4,0,63.5,0.2,none,2300,2558
queen_anne,0,0,6,1,73.2,0.15,none,2300,2571
queen_anne,3,0,4,0,61.7,0.26,none,2300,2161
queen_anne,6,1,5,0,60.1,0.05,none,2300,2848
queen_anne,1,0,10,0,52.6,0.31,none,2300,1917
queen_anne,4,0,2,0,36.4,0.71,none,2300,1318
queen_anne,5,1,11,0,53.6,0.33,none,2300,2162
queen_anne,0,0,6,1,80.6,0.1,music_venue,2300,3358
queen_anne,0,0,4,0,61.1,0.52,none,2300,1783
queen_anne,0,0,6,1,68.5,0.11,none,2300,2310
queen_anne,1,0,5,0,55.7,0.24,none,2300,2064
queen_anne,1,0,12,0,47.1,0.38,convention,2300,5075
queen_anne,3,0,12,0,44.1,0.27,none,2300,1770
queen_anne,6,1,3,0,59.1,0.48,none,2300,1989
queen_anne,2,0,10,0,61.3,0.41,none,2300,1780
queen_anne,1,0,10,0,57.3,0.11,music_venue,2300,3017
queen_anne,2,0,2,0,41.2,0.82,theater,2300,2771
queen_anne,6,1,5,0,49.0,0.66,none,2300,1813
queen_anne,3,0,7,1,71.6,0.27,none,2300,2358
queen_anne,4,0,11,0,62.2,0.66,theater,2300,3164
queen_anne,5,1,6,1,85.1,0.09,none,2300,3269
queen_anne,3,0,1,0,34.3,0.56,convention,2300,3968
queen_anne,1,0,11,0,46.0,0.53,none,2300,1606
queen_anne,5,1,12,0,49.5,0.5,music_venue,2300,2444
queen_anne,3,0,3,0,56.6,0.33,none,2300,2124
queen_anne,0,0,12,0,34.4,0.62,theater,2300,3001
queen_anne,5,1,9,0,61.9,0.2,none,2300,3148
queen_anne,5,1,2,0,51.0,0.69,music_venue,2300,2549
queen_anne,1,0,4,0,42.4,0.13,music_venue,2300,2674
queen_anne,4,0,11,0,57.7,0.31,none,2300,1758
queen_anne,6,1,6,1,77.2,0.15,none,2300,2935
queen_anne,5,1,11,0,59.3,0.19,music_venue,2300,3419
queen_anne,3,0,10,0,55.4,0.45,music_venue,2300,2547
queen_anne,3,0,7,1,66.8,0.03,none,2300,2645
queen_anne,6,1,8,1,77.5,0.04,none,2300,3219
queen_anne,2,0,3,0,53.7,0.14,none,2300,2136
queen_anne,5,1,11,0,52.7,0.71,none,2300,1803
queen_anne,2,0,6,1,77.5,0.08,none,2300,2867
queen_anne,3,0,5,0,49.9,0.0,none,2300,2253
queen_anne,4,0,4,0,67.4,0.0,none,2300,2792
queen_anne,0,0,4,0,56.8,0.0,none,2300,2410
wallingford,2,0,11,0,63.2,0.5,music_venue,2000,2118
wallingford,6,1,5,0,55.4,0.31,music_venue,2000,2797
wallingford,2,0,5,0,49.3,0.57,none,2000,1244
wallingford,5,1,1,0,47.3,0.75,none,2000,1354
wallingford,0,0,1,0,50.4,0.25,none,2000,1604
wallingford,4,0,3,0,60.2,0.31,none,2000,1474
wallingford,2,0,8,1,81.7,0.29,convention,2000,4847
wallingford,4,0,9,0,63.3,0.54,theater,2000,3019
wallingford,5,1,5,0,52.4,0.24,theater,2000,4005
wallingford,3,0,11,0,57.4,0.77,none,2000,1276
wallingford,3,0,12,0,36.1,0.88,none,2000,996
wallingford,0,0,9,0,48.9,0.29,none,2000,1702
wallingford,0,0,3,0,53.0,0.58,theater,2000,3108
wallingford,3,0,6,1,67.6,0.16,none,2000,2078
wallingford,3,0,4,0,44.3,0.03,none,2000,1819
wallingford,2,0,7,1,66.8,0.13,none,2000,1952
wallingford,4,0,8,1,65.9,0.1,none,2000,2210
wallingford,2,0,9,0,54.7,0.1,theater,2000,3453
wallingford,6,1,2,0,42.2,0.74,convention,2000,3656
wallingford,5,1,2,0,42.2,0.53,none,2000,1912
wallingford,6,1,12,0,38.7,0.47,convention,2000,4203
wallingford,0,0,9,0,61.2,0.57,music_venue,2000,2339
wallingford,6,1,12,0,46.3,0.66,none,2000,1707
wallingford,5,1,2,0,41.6,0.58,convention,2000,3784
wallingford,5,1,6,1,66.3,0.17,none,2000,2824
wallingford,1,0,9,0,47.7,0.33,convention,2000,3751
wallingford,2,0,3,0,58.4,0.64,convention,2000,3830
wallingford,4,0,11,0,56.2,0.37,none,2000,1737
wallingford,5,1,5,0,58.3,0.06,music_venue,2000,3379
wallingford,6,1,4,0,59.7,0.0,convention,2000,5043
wallingford,5,1,11,0,51.8,0.46,none,2000,1943
wallingford,2,0,12,0,39.5,0.8,music_venue,2000,1935
wallingford,2,0,10,0,57.1,0.49,none,2000,1331
wallingford,6,1,2,0,30.9,0.35,none,2000,1994
wallingford,6,1,6,1,73.3,0.21,theater,2000,3745
wallingford,3,0,10,0,58.7,0.01,none,2000,1921
wallingford,6,1,8,1,75.3,0.15,music_venue,2000,3874
wallingford,1,0,4,0,54.1,0.0,none,2000,1887
wallingford,6,1,10,0,54.3,0.34,theater,2000,3858
wallingford,3,0,6,1,73.3,0.23,theater,2000,3717
wallingford,4,0,2,0,38.2,0.69,none,2000,1061
wallingford,0,0,6,1,61.3,0.19,festival,2000,8868
wallingford,0,0,11,0,52.3,0.36,none,2000,1499
wallingford,3,0,4,0,46.0,0.28,none,2000,1702
wallingford,2,0,4,0,69.2,0.55,none,2000,1513
wallingford,5,1,4,0,43.8,0.37,theater,2000,3222
wallingford,6,1,5,0,55.7,0.0,convention,2000,4897
wallingford,0,0,6,1,62.6,0.1,music_venue,2000,2972
wallingford,5,1,12,0,40.3,0.44,none,2000,1893
wallingford,2,0,5,0,64.5,0.61,theater,2000,3112
wallingford,3,0,1,0,44.8,0.34,none,2000,1613
wallingford,6,1,8,1,74.2,0.06,none,2000,2873
wallingford,2,0,8,1,85.1,0.0,music_venue,2000,3069
wallingford,3,0,4,0,55.1,0.17,convention,2000,4711
wallingford,1,0,12,0,41.4,0.91,none,2000,961
wallingford,1,0,7,1,62.5,0.11,none,2000,2148
wallingford,4,0,9,0,55.3,0.37,music_venue,2000,2444
wallingford,0,0,4,0,48.4,0.54,none,2000,1282
wallingford,2,0,6,1,63.1,0.0,none,2000,2192
wallingford,1,0,4,0,52.3,0.51,none,2000,1358
columbia_city,4,0,3,0,63.1,0.28,music_venue,1500,2128
columbia_city,5,1,1,0,36.5,0.63,none,1500,1093
columbia_city,6,1,12,0,50.9,0.53,none,1500,1411
columbia_city,0,0,8,1,66.4,0.07,none,1500,1630
columbia_city,1,0,1,0,36.1,0.77,music_venue,1500,1458
columbia_city,0,0,4,0,47.4,0.8,music_venue,1500,1806
columbia_city,0,0,8,1,76.2,0.12,convention,1500,4264
columbia_city,4,0,11,0,66.3,0.17,none,1500,1367
columbia_city,3,0,1,0,30.6,0.62,theater,1500,2458
columbia_city,1,0,9,0,53.9,0.47,none,1500,1193
columbia_city,6,1,7,1,72.3,0.1,music_venue,1500,2485
columbia_city,4,0,9,0,51.5,0.15,music_venue,1500,1995
columbia_city,0,0,12,0,48.9,0.63,none,1500,945
columbia_city,5,1,4,0,56.5,0.72,music_venue,1500,1981
columbia_city,3,0,4,0,63.3,0.55,none,1500,1042
columbia_city,0,0,9,0,57.5,0.05,none,1500,1450
columbia_city,1,0,2,0,46.4,0.64,none,1500,917
columbia_city,4,0,6,1,78.7,0.1,none,1500,1689
columbia_city,0,0,11,0,52.7,0.1,none,1500,1295
columbia_city,4,0,10,0,58.0,0.08,theater,1500,2524
columbia_city,6,1,2,0,51.1,0.35,theater,1500,3343
columbia_city,6,1,7,1,73.7,0.11,music_venue,1500,2808
columbia_city,3,0,5,0,54.6,0.2,none,1500,1275
columbia_city,0,0,3,0,61.0,0.0,none,1500,1657
columbia_city,3,0,10,0,67.7,0.0,theater,1500,3047
columbia_city,3,0,9,0,61.2,0.49,music_venue,1500,1934
columbia_city,6,1,6,1,82.3,0.1,none,1500,2120
columbia_city,1,0,2,0,44.7,0.93,none,1500,725
columbia_city,2,0,6,1,74.8,0.12,none,1500,1673
columbia_city,5,1,9,0,58.3,0.36,convention,1500,4736
columbia_city,4,0,12,0,44.2,0.27,none,1500,1253
columbia_city,0,0,12,0,51.2,0.53,festival,1500,9065
columbia_city,1,0,10,0,46.1,0.47,theater,1500,2567
columbia_city,1,0,6,1,62.0,0.1,theater,1500,3162
columbia_city,1,0,11,0,54.9,0.87,none,1500,708
columbia_city,4,0,2,0,39.0,0.49,none,1500,958
columbia_city,0,0,9,0,62.6,0.37,none,1500,1320
columbia_city,4,0,12,0,46.8,0.87,none,1500,659
columbia_city,0,0,5,0,53.6,0.54,theater,1500,2236
columbia_city,0,0,8,1,75.3,0.0,none,1500,2009
columbia_city,6,1,4,0,59.8,0.43,none,1500,1370
columbia_city,6,1,4,0,64.4,0.43,theater,1500,3033
columbia_city,5,1,10,0,53.9,0.49,none,1500,1153
columbia_city,0,0,7,1,73.3,0.1,none,1500,1732
columbia_city,0,0,5,0,69.6,0.39,none,1500,1342
columbia_city,5,1,3,0,54.5,0.58,none,1500,1414
columbia_city,2,0,3,0,52.6,0.34,none,1500,1233
columbia_city,3,0,1,0,39.1,0.57,none,1500,1012
columbia_city,3,0,6,1,72.7,0.31,none,1500,1518
columbia_city,3,0,6,1,72.1,0.1,none,1500,1696
columbia_city,0,0,2,0,35.4,0.63,none,1500,965
columbia_city,1,0,4,0,61.4,0.29,none,1500,1312
columbia_city,2,0,6,1,67.8,0.13,none,1500,1759
columbia_city,3,0,12,0,45.1,0.61,festival,1500,8813
columbia_city,6,1,7,1,83.1,0.25,none,1500,1981
columbia_city,6,1,6,1,75.7,0.11,none,1500,2166
columbia_city,3,0,12,0,49.1,0.82,none,1500,849
columbia_city,6,1,6,1,74.8,0.24,none,1500,2029
columbia_city,2,0,3,0,46.2,0.33,music_venue,1500,2168
columbia_city,5,1,12,0,38.9,0.83,theater,1500,2507
west_seattle,5,1,10,0,60.3,0.5,none,1900,1857
west_seattle,0,0,6,1,68.6,0.02,theater,1900,3324
west_seattle,0,0,10,0,45.2,0.43,none,1900,1444
west_seattle,1,0,4,0,51.4,0.29,none,1900,1674
west_seattle,0,0,7,1,75.6,0.11,none,1900,2063
west_seattle,2,0,9,0,56.3,0.55,theater,1900,2535
west_seattle,1,0,10,0,59.8,0.28,none,1900,1556
west_seattle,2,0,4,0,67.4,0.68,none,1900,1220
west_seattle,1,0,6,1,63.9,0.18,none,1900,1970
west_seattle,1,0,10,0,69.3,0.45,none,1900,1355
west_seattle,4,0,12,0,40.1,0.65,music_venue,1900,2031
west_seattle,1,0,9,0,55.0,0.47,theater,1900,3067
west_seattle,1,0,4,0,53.5,0.39,music_venue,1900,2320
west_seattle,4,0,11,0,50.8,0.37,theater,1900,3123
west_seattle,5,1,7,1,77.3,0.16,music_venue,1900,3970
west_seattle,0,0,5,0,52.9,0.35,none,1900,1443
west_seattle,0,0,9,0,51.8,0.47,none,1900,1352
west_seattle,3,0,4,0,47.1,0.1,theater,1900,3235
west_seattle,2,0,9,0,60.5,0.32,none,1900,1733
west_seattle,1,0,12,0,39.1,0.83,none,1900,940
west_seattle,4,0,5,0,54.8,0.28,theater,1900,2906
west_seattle,5,1,6,1,67.2,0.1,none,1900,2555
west_seattle,5,1,12,0,53.1,0.44,none,1900,1620
west_seattle,3,0,2,0,54.9,0.68,none,1900,1170
west_seattle,1,0,12,0,43.9,0.87,none,1900,876
west_seattle,1,0,4,0,45.8,0.09,none,1900,1521
west_seattle,4,0,3,0,63.2,0.17,none,1900,1628
west_seattle,2,0,10,0,57.5,0.17,theater,1900,3173
west_seattle,2,0,3,0,60.0,0.07,theater,1900,3421
west_seattle,0,0,11,0,49.1,0.39,none,1900,1237
west_seattle,5,1,4,0,50.9,0.0,none,1900,2352
west_seattle,2,0,3,0,50.1,0.47,music_venue,1900,1970
west_seattle,6,1,10,0,70.3,0.47,music_venue,1900,2642
west_seattle,0,0,1,0,39.1,0.59,none,1900,1162
west_seattle,1,0,4,0,62.9,0.73,theater,1900,2674
west_seattle,0,0,2,0,44.1,0.66,none,1900,1146
west_seattle,4,0,6,1,69.3,0.19,none,1900,1971
west_seattle,0,0,5,0,58.4,0.4,music_venue,1900,2375
west_seattle,1,0,12,0,40.2,0.76,none,1900,843
west_seattle,6,1,1,0,33.7,0.55,none,1900,1280
west_seattle,2,0,12,0,47.3,0.57,none,1900,1229
west_seattle,1,0,4,0,56.4,0.41,none,1900,1355
west_seattle,6,1,4,0,46.6,0.09,none,1900,2155
west_seattle,4,0,4,0,56.4,0.57,none,1900,1404
west_seattle,2,0,9,0,48.3,0.46,theater,1900,3239
west_seattle,1,0,9,0,58.2,0.28,theater,1900,3476
west_seattle,4,0,4,0,59.9,0.27,none,1900,1593
west_seattle,1,0,1,0,39.7,0.6,music_venue,1900,2265
west_seattle,5,1,11,0,68.0,0.26,none,1900,2033
west_seattle,0,0,10,0,66.3,0.28,none,1900,1778
west_seattle,1,0,3,0,60.5,0.6,none,1900,1389
west_seattle,6,1,9,0,57.2,0.27,theater,1900,2978
west_seattle,3,0,9,0,55.0,0.42,none,1900,1368
west_seattle,0,0,5,0,50.7,0.43,none,1900,1297
west_seattle,6,1,8,1,77.8,0.06,theater,1900,3677
west_seattle,5,1,6,1,69.7,0.07,none,1900,2598
west_seattle,5,1,5,0,65.3,0.64,convention,1900,3986
west_seattle,5,1,10,0,55.1,0.64,music_venue,1900,2405
west_seattle,5,1,6,1,69.7,0.12,none,1900,3031
west_seattle,0,0,1,0,50.2,0.47,none,1900,1566
