zone_id,counter,date,day_of_week,is_weekend,month,is_summer,temperature_f,precip_chance,nearby_event_type,base_foot_traffic,foot_traffic
belltown,Elliott Bay Trail (Myrtle Edwards),2024-01-01,0,0,1,0,38.9,0.0,none,3700,8007
belltown,Elliott Bay Trail (Myrtle Edwards),2024-01-02,1,0,1,0,42.0,0.39,none,3700,5211
belltown,Elliott Bay Trail (Myrtle Edwards),2024-01-03,2,0,1,0,43.5,0.38,none,3700,4812
belltown,Elliott Bay Trail (Myrtle Edwards),2024-01-04,3,0,1,0,44.4,0.49,none,3700,4812
belltown,Elliott Bay Trail (Myrtle Edwards),2024-01-05,4,0,1,0,44.1,1.0,none,3700,4812
belltown,Elliott Bay Trail (Myrtle Edwards),2024-01-06,5,1,1,0,40.1,1.0,none,3700,5211
belltown,Elliott Bay Trail (Myrtle Edwards),2024-01-07,6,1,1,0,38.8,0.11,none,3700,5211
belltown,Elliott Bay Trail (Myrtle Edwards),2024-01-08,0,0,1,0,42.6,1.0,none,3700,4812
belltown,Elliott Bay Trail (Myrtle Edwards),2024-01-09,1,0,1,0,44.2,1.0,none,3700,5611
belltown,Elliott Bay Trail (Myrtle Edwards),2024-01-10,2,0,1,0,39.5,0.02,none,3700,5211
belltown,Elliott Bay Trail (Myrtle Edwards),2024-01-11,3,0,1,0,35.5,0.27,none,3700,6010
belltown,Elliott Bay Trail (Myrtle Edwards),2024-01-12,4,0,1,0,23.4,0.0,none,3700,5611
belltown,Elliott Bay Trail (Myrtle Edwards),2024-01-13,5,1,1,0,19.7,0.0,none,3700,7208
belltown,Elliott Bay Trail (Myrtle Edwards),2024-01-14,6,1,1,0,25.3,0.0,none,3700,4812
belltown,Elliott Bay Trail (Myrtle Edwards),2024-01-15,0,0,1,0,27.9,0.0,none,3700,5211
belltown,Elliott Bay Trail (Myrtle Edwards),2024-01-16,1,0,1,0,31.0,0.11,none,3700,4812
belltown,Elliott Bay Trail (Myrtle Edwards),2024-01-17,2,0,1,0,35.9,0.94,none,3700,4812
belltown,Elliott Bay Trail (Myrtle Edwards),2024-01-18,3,0,1,0,34.5,1.0,none,3700,4812
belltown,Elliott Bay Trail (Myrtle Edwards),2024-01-19,4,0,1,0,39.5,0.27,none,3700,4812
belltown,Elliott Bay Trail (Myrtle Edwards),2024-01-20,5,1,1,0,40.1,0.13,none,3700,6010
belltown,Elliott Bay Trail (Myrtle Edwards),2024-01-21,6,1,1,0,43.9,1.0,none,3700,4812
belltown,Elliott Bay Trail (Myrtle Edwards),2024-01-22,0,0,1,0,45.7,1.0,none,3700,5611
belltown,Elliott Bay Trail (Myrtle Edwards),2024-01-23,1,0,1,0,45.8,0.02,none,3700,5211
belltown,Elliott Bay Trail (Myrtle Edwards),2024-01-24,2,0,1,0,44.1,0.94,none,3700,6010
belltown,Elliott Bay Trail (Myrtle Edwards),2024-01-25,3,0,1,0,45.8,1.0,none,3700,3602
belltown,Elliott Bay Trail (Myrtle Edwards),2024-01-26,4,0,1,0,45.9,1.0,none,3700,3606
belltown,Elliott Bay Trail (Myrtle Edwards),2024-01-27,5,1,1,0,49.9,1.0,none,3700,3006
belltown,Elliott Bay Trail (Myrtle Edwards),2024-01-28,6,1,1,0,54.5,1.0,none,3700,2404
belltown,Elliott Bay Trail (Myrtle Edwards),2024-01-29,0,0,1,0,55.5,0.0,none,3700,2005
belltown,Elliott Bay Trail (Myrtle Edwards),2024-01-30,1,0,1,0,52.3,0.1,none,3700,6010
belltown,Elliott Bay Trail (Myrtle Edwards),2024-01-31,2,0,1,0,53.7,1.0,none,3700,3804
belltown,Elliott Bay Trail (Myrtle Edwards),2024-02-01,3,0,2,0,49.5,0.5,none,3700,601
belltown,Elliott Bay Trail (Myrtle Edwards),2024-02-02,4,0,2,0,45.9,0.0,none,3700,601
belltown,Elliott Bay Trail (Myrtle Edwards),2024-02-03,5,1,2,0,42.5,0.0,none,3700,802
belltown,Elliott Bay Trail (Myrtle Edwards),2024-02-04,6,1,2,0,44.3,0.0,none,3700,4007
belltown,Elliott Bay Trail (Myrtle Edwards),2024-02-05,0,0,2,0,43.2,0.32,none,3700,8806
belltown,Elliott Bay Trail (Myrtle Edwards),2024-02-06,1,0,2,0,42.0,0.4,none,3700,6409
belltown,Elliott Bay Trail (Myrtle Edwards),2024-02-07,2,0,2,0,41.9,0.04,none,3700,8407
belltown,Elliott Bay Trail (Myrtle Edwards),2024-02-08,3,0,2,0,40.7,0.08,none,3700,8407
belltown,Elliott Bay Trail (Myrtle Edwards),2024-02-09,4,0,2,0,41.0,0.11,none,3700,10803
belltown,Elliott Bay Trail (Myrtle Edwards),2024-02-10,5,1,2,0,40.6,0.0,none,3700,12401
belltown,Elliott Bay Trail (Myrtle Edwards),2024-02-11,6,1,2,0,45.2,0.8,none,3700,13600
belltown,Elliott Bay Trail (Myrtle Edwards),2024-02-12,0,0,2,0,45.3,0.06,none,3700,13999
belltown,Elliott Bay Trail (Myrtle Edwards),2024-02-13,1,0,2,0,41.7,0.0,none,3700,11602
belltown,Elliott Bay Trail (Myrtle Edwards),2024-02-14,2,0,2,0,40.5,0.06,none,3700,13600
belltown,Elliott Bay Trail (Myrtle Edwards),2024-02-15,3,0,2,0,37.5,0.94,none,3700,13600
belltown,Elliott Bay Trail (Myrtle Edwards),2024-02-16,4,0,2,0,39.0,0.0,none,3700,13999
belltown,Elliott Bay Trail (Myrtle Edwards),2024-02-17,5,1,2,0,40.4,0.0,none,3700,13600
belltown,Elliott Bay Trail (Myrtle Edwards),2024-02-18,6,1,2,0,40.8,0.11,none,3700,13999
belltown,Elliott Bay Trail (Myrtle Edwards),2024-02-19,0,0,2,0,41.6,0.0,none,3700,13600
belltown,Elliott Bay Trail (Myrtle Edwards),2024-02-20,1,0,2,0,44.0,0.16,none,3700,13200
belltown,Elliott Bay Trail (Myrtle Edwards),2024-02-21,2,0,2,0,46.1,0.64,none,3700,13600
belltown,Elliott Bay Trail (Myrtle Edwards),2024-02-22,3,0,2,0,47.4,0.02,none,3700,13200
belltown,Elliott Bay Trail (Myrtle Edwards),2024-02-23,4,0,2,0,43.6,0.0,none,3700,13200
belltown,Elliott Bay Trail (Myrtle Edwards),2024-02-24,5,1,2,0,46.0,0.06,none,3700,13200
belltown,Elliott Bay Trail (Myrtle Edwards),2024-02-25,6,1,2,0,44.7,0.41,none,3700,13999
belltown,Elliott Bay Trail (Myrtle Edwards),2024-02-26,0,0,2,0,38.6,0.42,none,3700,13200
belltown,Elliott Bay Trail (Myrtle Edwards),2024-02-27,1,0,2,0,36.7,0.17,none,3700,13200
belltown,Elliott Bay Trail (Myrtle Edwards),2024-02-28,2,0,2,0,46.9,1.0,none,3700,13999
belltown,Elliott Bay Trail (Myrtle Edwards),2024-02-29,3,0,2,0,42.5,1.0,none,3700,13999
belltown,Elliott Bay Trail (Myrtle Edwards),2024-03-01,4,0,3,0,39.6,0.8,none,3700,13999
belltown,Elliott Bay Trail (Myrtle Edwards),2024-03-02,5,1,3,0,39.5,0.74,none,3700,13999
belltown,Elliott Bay Trail (Myrtle Edwards),2024-03-03,6,1,3,0,38.9,0.12,none,3700,13999
belltown,Elliott Bay Trail (Myrtle Edwards),2024-03-04,0,0,3,0,39.3,0.06,none,3700,13999
belltown,Elliott Bay Trail (Myrtle Edwards),2024-03-05,1,0,3,0,36.9,0.0,none,3700,13999
belltown,Elliott Bay Trail (Myrtle Edwards),2024-03-06,2,0,3,0,36.5,0.0,none,3700,13999
belltown,Elliott Bay Trail (Myrtle Edwards),2024-03-07,3,0,3,0,37.3,0.0,none,3700,13600
belltown,Elliott Bay Trail (Myrtle Edwards),2024-03-08,4,0,3,0,43.0,0.03,none,3700,13600
belltown,Elliott Bay Trail (Myrtle Edwards),2024-03-09,5,1,3,0,46.0,0.35,none,3700,13999
belltown,Elliott Bay Trail (Myrtle Edwards),2024-03-10,6,1,3,0,45.7,1.0,none,3700,13799
belltown,Elliott Bay Trail (Myrtle Edwards),2024-03-11,0,0,3,0,45.4,0.88,none,3700,13999
belltown,Elliott Bay Trail (Myrtle Edwards),2024-03-12,1,0,3,0,45.2,0.14,none,3700,13600
belltown,Elliott Bay Trail (Myrtle Edwards),2024-03-13,2,0,3,0,44.0,0.01,none,3700,13999
belltown,Elliott Bay Trail (Myrtle Edwards),2024-03-14,3,0,3,0,42.8,0.0,none,3700,13999
belltown,Elliott Bay Trail (Myrtle Edwards),2024-03-15,4,0,3,0,46.8,0.0,none,3700,13999
belltown,Elliott Bay Trail (Myrtle Edwards),2024-03-16,5,1,3,0,50.6,0.0,none,3700,13600
belltown,Elliott Bay Trail (Myrtle Edwards),2024-03-17,6,1,3,0,53.0,0.0,none,3700,13200
belltown,Elliott Bay Trail (Myrtle Edwards),2024-03-18,0,0,3,0,50.0,0.0,none,3700,12801
belltown,Elliott Bay Trail (Myrtle Edwards),2024-03-19,1,0,3,0,50.0,0.0,none,3700,13200
belltown,Elliott Bay Trail (Myrtle Edwards),2024-03-20,2,0,3,0,48.4,0.09,none,3700,12801
belltown,Elliott Bay Trail (Myrtle Edwards),2024-03-21,3,0,3,0,50.4,0.15,none,3700,12002
belltown,Elliott Bay Trail (Myrtle Edwards),2024-03-22,4,0,3,0,49.5,0.34,none,3700,12801
belltown,Elliott Bay Trail (Myrtle Edwards),2024-03-23,5,1,3,0,48.8,0.82,none,3700,11602
belltown,Elliott Bay Trail (Myrtle Edwards),2024-03-24,6,1,3,0,50.4,0.04,none,3700,11602
belltown,Elliott Bay Trail (Myrtle Edwards),2024-03-25,0,0,3,0,48.0,0.46,none,3700,12801
belltown,Elliott Bay Trail (Myrtle Edwards),2024-03-26,1,0,3,0,48.4,0.71,none,3700,10803
belltown,Elliott Bay Trail (Myrtle Edwards),2024-03-27,2,0,3,0,49.5,1.0,none,3700,10005
belltown,Elliott Bay Trail (Myrtle Edwards),2024-03-28,3,0,3,0,46.8,0.98,none,3700,10005
belltown,Elliott Bay Trail (Myrtle Edwards),2024-03-29,4,0,3,0,48.0,0.0,none,3700,10005
belltown,Elliott Bay Trail (Myrtle Edwards),2024-03-30,5,1,3,0,48.4,0.0,none,3700,12002
belltown,Elliott Bay Trail (Myrtle Edwards),2024-03-31,6,1,3,0,46.6,0.0,none,3700,11602
belltown,Elliott Bay Trail (Myrtle Edwards),2024-04-01,0,0,4,0,49.8,0.0,none,3700,10803
belltown,Elliott Bay Trail (Myrtle Edwards),2024-04-02,1,0,4,0,53.9,0.07,none,3700,11602
belltown,Elliott Bay Trail (Myrtle Edwards),2024-04-03,2,0,4,0,45.6,0.12,none,3700,10005
belltown,Elliott Bay Trail (Myrtle Edwards),2024-04-04,3,0,4,0,44.8,0.11,none,3700,9605
belltown,Elliott Bay Trail (Myrtle Edwards),2024-04-05,4,0,4,0,44.3,0.01,none,3700,11203
belltown,Elliott Bay Trail (Myrtle Edwards),2024-04-06,5,1,4,0,46.2,0.22,none,3700,10404
belltown,Elliott Bay Trail (Myrtle Edwards),2024-04-07,6,1,4,0,47.7,0.01,none,3700,10005
belltown,Elliott Bay Trail (Myrtle Edwards),2024-04-08,0,0,4,0,46.1,0.33,none,3700,9605
belltown,Elliott Bay Trail (Myrtle Edwards),2024-04-09,1,0,4,0,51.0,0.23,none,3700,8806
belltown,Elliott Bay Trail (Myrtle Edwards),2024-04-10,2,0,4,0,49.6,0.0,none,3700,8007
belltown,Elliott Bay Trail (Myrtle Edwards),2024-04-11,3,0,4,0,47.5,0.08,none,3700,10803
belltown,Elliott Bay Trail (Myrtle Edwards),2024-04-12,4,0,4,0,50.0,0.0,none,3700,9605
belltown,Elliott Bay Trail (Myrtle Edwards),2024-04-13,5,1,4,0,50.8,0.0,none,3700,8407
belltown,Elliott Bay Trail (Myrtle Edwards),2024-04-14,6,1,4,0,50.8,0.0,none,3700,6409
belltown,Elliott Bay Trail (Myrtle Edwards),2024-04-15,0,0,4,0,49.0,0.0,none,3700,6409
belltown,Elliott Bay Trail (Myrtle Edwards),2024-04-16,1,0,4,0,47.1,0.16,none,3700,7608
belltown,Elliott Bay Trail (Myrtle Edwards),2024-04-17,2,0,4,0,46.8,0.0,none,3700,996
belltown,Elliott Bay Trail (Myrtle Edwards),2024-06-23,6,1,6,1,60.6,0.04,none,3700,4292
belltown,Elliott Bay Trail (Myrtle Edwards),2024-06-24,0,0,6,1,61.3,0.0,none,3700,4935
belltown,Elliott Bay Trail (Myrtle Edwards),2024-06-25,1,0,6,1,63.9,0.0,none,3700,5603
belltown,Elliott Bay Trail (Myrtle Edwards),2024-06-26,2,0,6,1,63.1,0.01,none,3700,3615
belltown,Elliott Bay Trail (Myrtle Edwards),2024-06-27,3,0,6,1,59.5,0.34,none,3700,2631
belltown,Elliott Bay Trail (Myrtle Edwards),2024-06-28,4,0,6,1,62.2,0.0,none,3700,4251
belltown,Elliott Bay Trail (Myrtle Edwards),2024-06-29,5,1,6,1,63.8,0.24,none,3700,4697
belltown,Elliott Bay Trail (Myrtle Edwards),2024-06-30,6,1,6,1,65.8,0.07,none,3700,4353
belltown,Elliott Bay Trail (Myrtle Edwards),2024-07-01,0,0,7,1,65.0,0.45,none,3700,4288
belltown,Elliott Bay Trail (Myrtle Edwards),2024-07-02,1,0,7,1,62.5,0.0,none,3700,5018
belltown,Elliott Bay Trail (Myrtle Edwards),2024-07-03,2,0,7,1,63.2,0.0,none,3700,5225
belltown,Elliott Bay Trail (Myrtle Edwards),2024-07-04,3,0,7,1,65.1,0.0,none,3700,5595
belltown,Elliott Bay Trail (Myrtle Edwards),2024-07-05,4,0,7,1,68.6,0.0,none,3700,4693
belltown,Elliott Bay Trail (Myrtle Edwards),2024-07-06,5,1,7,1,70.7,0.0,none,3700,4895
belltown,Elliott Bay Trail (Myrtle Edwards),2024-07-07,6,1,7,1,72.8,0.0,none,3700,4909
belltown,Elliott Bay Trail (Myrtle Edwards),2024-07-08,0,0,7,1,75.4,0.0,none,3700,4119
belltown,Elliott Bay Trail (Myrtle Edwards),2024-07-09,1,0,7,1,76.5,0.0,none,3700,4346
belltown,Elliott Bay Trail (Myrtle Edwards),2024-07-10,2,0,7,1,74.1,0.0,none,3700,4696
belltown,Elliott Bay Trail (Myrtle Edwards),2024-07-11,3,0,7,1,69.7,0.0,none,3700,4953
belltown,Elliott Bay Trail (Myrtle Edwards),2024-07-12,4,0,7,1,67.7,0.0,none,3700,1358
belltown,Elliott Bay Trail (Myrtle Edwards),2024-07-13,5,1,7,1,69.8,0.0,none,3700,3585
belltown,Elliott Bay Trail (Myrtle Edwards),2024-07-14,6,1,7,1,74.0,0.0,none,3700,4823
belltown,Elliott Bay Trail (Myrtle Edwards),2024-07-15,0,0,7,1,68.8,0.0,none,3700,4982
belltown,Elliott Bay Trail (Myrtle Edwards),2024-07-16,1,0,7,1,71.4,0.0,none,3700,4769
belltown,Elliott Bay Trail (Myrtle Edwards),2024-07-17,2,0,7,1,74.0,0.0,none,3700,4519
belltown,Elliott Bay Trail (Myrtle Edwards),2024-07-18,3,0,7,1,71.4,0.0,none,3700,4614
belltown,Elliott Bay Trail (Myrtle Edwards),2024-07-19,4,0,7,1,69.6,0.0,none,3700,4448
belltown,Elliott Bay Trail (Myrtle Edwards),2024-07-20,5,1,7,1,70.5,0.0,none,3700,10604
belltown,Elliott Bay Trail (Myrtle Edwards),2024-07-21,6,1,7,1,68.7,0.04,none,3700,7461
belltown,Elliott Bay Trail (Myrtle Edwards),2024-07-22,0,0,7,1,65.0,0.04,none,3700,5340
belltown,Elliott Bay Trail (Myrtle Edwards),2024-07-23,1,0,7,1,65.4,0.0,none,3700,8211
belltown,Elliott Bay Trail (Myrtle Edwards),2024-07-24,2,0,7,1,64.7,0.0,none,3700,7495
belltown,Elliott Bay Trail (Myrtle Edwards),2024-07-25,3,0,7,1,66.0,0.0,none,3700,7125
belltown,Elliott Bay Trail (Myrtle Edwards),2024-07-26,4,0,7,1,64.1,0.0,none,3700,7620
belltown,Elliott Bay Trail (Myrtle Edwards),2024-07-27,5,1,7,1,66.9,0.0,none,3700,8173
belltown,Elliott Bay Trail (Myrtle Edwards),2024-07-28,6,1,7,1,67.8,0.01,none,3700,7641
belltown,Elliott Bay Trail (Myrtle Edwards),2024-07-29,0,0,7,1,64.1,1.0,none,3700,3493
belltown,Elliott Bay Trail (Myrtle Edwards),2024-07-30,1,0,7,1,68.8,0.0,none,3700,6937
belltown,Elliott Bay Trail (Myrtle Edwards),2024-07-31,2,0,7,1,67.8,0.0,none,3700,7210
belltown,Elliott Bay Trail (Myrtle Edwards),2024-08-01,3,0,8,1,69.8,0.0,none,3700,7484
belltown,Elliott Bay Trail (Myrtle Edwards),2024-08-02,4,0,8,1,74.2,0.0,none,3700,6651
belltown,Elliott Bay Trail (Myrtle Edwards),2024-08-03,5,1,8,1,69.8,0.0,none,3700,8079
belltown,Elliott Bay Trail (Myrtle Edwards),2024-08-04,6,1,8,1,73.1,0.0,none,3700,9204
belltown,Elliott Bay Trail (Myrtle Edwards),2024-08-05,0,0,8,1,70.7,0.0,none,3700,6914
belltown,Elliott Bay Trail (Myrtle Edwards),2024-08-06,1,0,8,1,66.2,0.02,none,3700,7006
belltown,Elliott Bay Trail (Myrtle Edwards),2024-08-07,2,0,8,1,66.9,0.0,none,3700,7882
belltown,Elliott Bay Trail (Myrtle Edwards),2024-08-08,3,0,8,1,69.9,0.0,none,3700,7428
belltown,Elliott Bay Trail (Myrtle Edwards),2024-08-09,4,0,8,1,73.0,0.0,none,3700,6698
belltown,Elliott Bay Trail (Myrtle Edwards),2024-08-10,5,1,8,1,72.2,0.0,none,3700,4961
belltown,Elliott Bay Trail (Myrtle Edwards),2024-08-11,6,1,8,1,66.8,0.01,none,3700,5294
belltown,Elliott Bay Trail (Myrtle Edwards),2024-08-12,0,0,8,1,66.0,0.03,none,3700,4469
belltown,Elliott Bay Trail (Myrtle Edwards),2024-08-13,1,0,8,1,64.6,0.05,none,3700,4149
belltown,Elliott Bay Trail (Myrtle Edwards),2024-08-14,2,0,8,1,68.0,0.0,none,3700,4906
belltown,Elliott Bay Trail (Myrtle Edwards),2024-08-15,3,0,8,1,66.8,0.0,none,3700,4265
belltown,Elliott Bay Trail (Myrtle Edwards),2024-08-16,4,0,8,1,67.9,0.0,none,3700,3985
belltown,Elliott Bay Trail (Myrtle Edwards),2024-08-17,5,1,8,1,67.0,1.0,none,3700,5100
belltown,Elliott Bay Trail (Myrtle Edwards),2024-08-18,6,1,8,1,68.1,0.24,none,3700,5564
belltown,Elliott Bay Trail (Myrtle Edwards),2024-08-19,0,0,8,1,67.0,0.0,none,3700,4061
belltown,Elliott Bay Trail (Myrtle Edwards),2024-08-20,1,0,8,1,66.6,0.38,none,3700,3845
belltown,Elliott Bay Trail (Myrtle Edwards),2024-08-21,2,0,8,1,65.0,0.01,none,3700,3834
belltown,Elliott Bay Trail (Myrtle Edwards),2024-08-22,3,0,8,1,63.9,0.15,none,3700,3759
belltown,Elliott Bay Trail (Myrtle Edwards),2024-08-23,4,0,8,1,59.2,0.8,none,3700,1644
belltown,Elliott Bay Trail (Myrtle Edwards),2024-08-24,5,1,8,1,60.2,1.0,none,3700,2738
belltown,Elliott Bay Trail (Myrtle Edwards),2024-08-25,6,1,8,1,63.9,0.0,none,3700,6406
belltown,Elliott Bay Trail (Myrtle Edwards),2024-08-26,0,0,8,1,64.5,0.16,none,3700,3662
belltown,Elliott Bay Trail (Myrtle Edwards),2024-08-27,1,0,8,1,59.2,0.76,none,3700,4315
belltown,Elliott Bay Trail (Myrtle Edwards),2024-08-28,2,0,8,1,58.3,0.0,none,3700,4668
belltown,Elliott Bay Trail (Myrtle Edwards),2024-08-29,3,0,8,1,61.9,0.0,none,3700,4693
belltown,Elliott Bay Trail (Myrtle Edwards),2024-08-30,4,0,8,1,64.9,0.0,none,3700,4655
belltown,Elliott Bay Trail (Myrtle Edwards),2024-08-31,5,1,8,1,66.7,0.0,none,3700,5255
belltown,Elliott Bay Trail (Myrtle Edwards),2024-09-01,6,1,9,0,67.7,0.0,none,3700,4856
belltown,Elliott Bay Trail (Myrtle Edwards),2024-09-02,0,0,9,0,65.7,0.08,none,3700,3847
belltown,Elliott Bay Trail (Myrtle Edwards),2024-09-03,1,0,9,0,65.0,0.01,none,3700,3992
belltown,Elliott Bay Trail (Myrtle Edwards),2024-09-04,2,0,9,0,64.2,0.0,none,3700,4328
belltown,Elliott Bay Trail (Myrtle Edwards),2024-09-05,3,0,9,0,70.1,0.0,none,3700,3861
belltown,Elliott Bay Trail (Myrtle Edwards),2024-09-06,4,0,9,0,70.4,0.0,none,3700,3779
belltown,Elliott Bay Trail (Myrtle Edwards),2024-09-07,5,1,9,0,69.2,0.0,none,3700,4606
belltown,Elliott Bay Trail (Myrtle Edwards),2024-09-08,6,1,9,0,69.8,0.0,none,3700,4502
belltown,Elliott Bay Trail (Myrtle Edwards),2024-09-09,0,0,9,0,64.8,0.02,none,3700,4090
belltown,Elliott Bay Trail (Myrtle Edwards),2024-09-10,1,0,9,0,65.0,0.02,none,3700,3546
belltown,Elliott Bay Trail (Myrtle Edwards),2024-09-11,2,0,9,0,61.9,0.14,none,3700,3662
belltown,Elliott Bay Trail (Myrtle Edwards),2024-09-12,3,0,9,0,61.4,0.0,none,3700,3996
belltown,Elliott Bay Trail (Myrtle Edwards),2024-09-13,4,0,9,0,60.2,0.22,none,3700,3106
belltown,Elliott Bay Trail (Myrtle Edwards),2024-09-14,5,1,9,0,62.2,1.0,none,3700,2694
belltown,Elliott Bay Trail (Myrtle Edwards),2024-09-15,6,1,9,0,59.4,0.04,none,3700,4575
belltown,Elliott Bay Trail (Myrtle Edwards),2024-09-16,0,0,9,0,60.1,0.0,none,3700,4232
belltown,Elliott Bay Trail (Myrtle Edwards),2024-09-17,1,0,9,0,57.4,0.07,none,3700,3328
belltown,Elliott Bay Trail (Myrtle Edwards),2024-09-18,2,0,9,0,61.9,0.11,none,3700,4318
belltown,Elliott Bay Trail (Myrtle Edwards),2024-09-19,3,0,9,0,58.8,0.0,none,3700,3989
belltown,Elliott Bay Trail (Myrtle Edwards),2024-09-20,4,0,9,0,59.2,0.07,none,3700,3598
belltown,Elliott Bay Trail (Myrtle Edwards),2024-09-21,5,1,9,0,59.0,0.0,none,3700,5477
belltown,Elliott Bay Trail (Myrtle Edwards),2024-09-22,6,1,9,0,58.7,0.0,none,3700,4658
belltown,Elliott Bay Trail (Myrtle Edwards),2024-09-23,0,0,9,0,65.2,0.03,none,3700,3505
belltown,Elliott Bay Trail (Myrtle Edwards),2024-09-24,1,0,9,0,65.4,0.0,none,3700,4337
belltown,Elliott Bay Trail (Myrtle Edwards),2024-09-25,2,0,9,0,59.4,1.0,none,3700,1929
belltown,Elliott Bay Trail (Myrtle Edwards),2024-09-26,3,0,9,0,59.3,0.54,none,3700,3345
belltown,Elliott Bay Trail (Myrtle Edwards),2024-09-27,4,0,9,0,58.8,0.01,none,3700,5286
belltown,Elliott Bay Trail (Myrtle Edwards),2024-09-28,5,1,9,0,56.5,0.0,none,3700,3656
belltown,Elliott Bay Trail (Myrtle Edwards),2024-09-29,6,1,9,0,55.6,0.0,none,3700,4519
belltown,Elliott Bay Trail (Myrtle Edwards),2024-09-30,0,0,9,0,55.2,0.0,none,3700,4227
belltown,Elliott Bay Trail (Myrtle Edwards),2024-10-01,1,0,10,0,55.6,0.02,none,3700,3830
belltown,Elliott Bay Trail (Myrtle Edwards),2024-10-02,2,0,10,0,54.2,0.02,none,3700,3858
belltown,Elliott Bay Trail (Myrtle Edwards),2024-10-03,3,0,10,0,55.3,0.0,none,3700,4299
belltown,Elliott Bay Trail (Myrtle Edwards),2024-10-04,4,0,10,0,56.0,0.99,none,3700,3032
belltown,Elliott Bay Trail (Myrtle Edwards),2024-10-05,5,1,10,0,56.8,0.0,none,3700,3953
belltown,Elliott Bay Trail (Myrtle Edwards),2024-10-06,6,1,10,0,57.8,0.0,none,3700,4865
belltown,Elliott Bay Trail (Myrtle Edwards),2024-10-07,0,0,10,0,59.6,0.0,none,3700,4008
belltown,Elliott Bay Trail (Myrtle Edwards),2024-10-08,1,0,10,0,61.9,0.63,none,3700,2548
belltown,Elliott Bay Trail (Myrtle Edwards),2024-10-09,2,0,10,0,57.0,0.08,none,3700,4097
belltown,Elliott Bay Trail (Myrtle Edwards),2024-10-10,3,0,10,0,53.2,0.0,none,3700,3886
belltown,Elliott Bay Trail (Myrtle Edwards),2024-10-11,4,0,10,0,53.0,0.0,none,3700,2730
belltown,Elliott Bay Trail (Myrtle Edwards),2024-10-12,5,1,10,0,55.2,0.0,none,3700,4570
belltown,Elliott Bay Trail (Myrtle Edwards),2024-10-13,6,1,10,0,59.5,0.0,none,3700,4682
belltown,Elliott Bay Trail (Myrtle Edwards),2024-10-14,0,0,10,0,60.9,0.26,none,3700,2572
belltown,Elliott Bay Trail (Myrtle Edwards),2024-10-15,1,0,10,0,54.1,0.17,none,3700,2576
belltown,Elliott Bay Trail (Myrtle Edwards),2024-10-16,2,0,10,0,53.0,0.25,none,3700,3009
belltown,Elliott Bay Trail (Myrtle Edwards),2024-10-17,3,0,10,0,50.7,0.11,none,3700,2789
belltown,Elliott Bay Trail (Myrtle Edwards),2024-10-18,4,0,10,0,49.9,0.58,none,3700,1928
belltown,Elliott Bay Trail (Myrtle Edwards),2024-10-19,5,1,10,0,57.8,1.0,none,3700,2435
belltown,Elliott Bay Trail (Myrtle Edwards),2024-10-20,6,1,10,0,59.4,0.46,none,3700,2872
belltown,Elliott Bay Trail (Myrtle Edwards),2024-10-21,0,0,10,0,52.2,0.43,none,3700,2305
belltown,Elliott Bay Trail (Myrtle Edwards),2024-10-22,1,0,10,0,50.1,0.0,none,3700,3817
belltown,Elliott Bay Trail (Myrtle Edwards),2024-10-23,2,0,10,0,48.2,0.09,none,3700,2962
belltown,Elliott Bay Trail (Myrtle Edwards),2024-10-24,3,0,10,0,49.7,0.0,none,3700,3292
belltown,Elliott Bay Trail (Myrtle Edwards),2024-10-25,4,0,10,0,52.0,0.0,none,3700,2786
belltown,Elliott Bay Trail (Myrtle Edwards),2024-10-26,5,1,10,0,58.0,1.0,none,3700,2095
belltown,Elliott Bay Trail (Myrtle Edwards),2024-10-27,6,1,10,0,52.7,1.0,none,3700,1217
belltown,Elliott Bay Trail (Myrtle Edwards),2024-10-28,0,0,10,0,51.0,0.05,none,3700,429
belltown,Elliott Bay Trail (Myrtle Edwards),2024-10-29,1,0,10,0,49.0,0.01,none,3700,2410
belltown,Elliott Bay Trail (Myrtle Edwards),2024-10-30,2,0,10,0,48.5,1.0,none,3700,1297
belltown,Elliott Bay Trail (Myrtle Edwards),2024-10-31,3,0,10,0,46.7,0.52,none,3700,1724
belltown,Elliott Bay Trail (Myrtle Edwards),2024-11-01,4,0,11,0,48.3,1.0,none,3700,1489
belltown,Elliott Bay Trail (Myrtle Edwards),2024-11-02,5,1,11,0,50.1,0.35,none,3700,2782
belltown,Elliott Bay Trail (Myrtle Edwards),2024-11-03,6,1,11,0,49.4,0.02,none,3700,3405
belltown,Elliott Bay Trail (Myrtle Edwards),2024-11-04,0,0,11,0,51.0,1.0,none,3700,2376
belltown,Elliott Bay Trail (Myrtle Edwards),2024-11-05,1,0,11,0,45.7,0.0,none,3700,2238
belltown,Elliott Bay Trail (Myrtle Edwards),2024-11-06,2,0,11,0,45.3,0.0,none,3700,3136
belltown,Elliott Bay Trail (Myrtle Edwards),2024-11-07,3,0,11,0,45.5,0.0,none,3700,3026
belltown,Elliott Bay Trail (Myrtle Edwards),2024-11-08,4,0,11,0,50.7,0.0,none,3700,2803
belltown,Elliott Bay Trail (Myrtle Edwards),2024-11-09,5,1,11,0,49.7,0.48,none,3700,1843
belltown,Elliott Bay Trail (Myrtle Edwards),2024-11-10,6,1,11,0,51.2,0.33,none,3700,3341
belltown,Elliott Bay Trail (Myrtle Edwards),2024-11-11,0,0,11,0,49.9,1.0,none,3700,1657
belltown,Elliott Bay Trail (Myrtle Edwards),2024-11-12,1,0,11,0,50.8,0.73,none,3700,1693
belltown,Elliott Bay Trail (Myrtle Edwards),2024-11-13,2,0,11,0,51.4,1.0,none,3700,650
belltown,Elliott Bay Trail (Myrtle Edwards),2024-11-14,3,0,11,0,48.3,0.92,none,3700,1087
belltown,Elliott Bay Trail (Myrtle Edwards),2024-11-15,4,0,11,0,44.8,0.23,none,3700,3306
belltown,Elliott Bay Trail (Myrtle Edwards),2024-11-16,5,1,11,0,43.9,0.72,none,3700,1784
belltown,Elliott Bay Trail (Myrtle Edwards),2024-11-17,6,1,11,0,46.0,0.42,none,3700,2189
belltown,Elliott Bay Trail (Myrtle Edwards),2024-11-18,0,0,11,0,41.8,0.38,none,3700,1900
belltown,Elliott Bay Trail (Myrtle Edwards),2024-11-19,1,0,11,0,43.0,0.37,none,3700,1915
belltown,Elliott Bay Trail (Myrtle Edwards),2024-11-20,2,0,11,0,49.8,0.26,none,3700,1961
belltown,Elliott Bay Trail (Myrtle Edwards),2024-11-21,3,0,11,0,44.5,0.13,none,3700,1914
belltown,Elliott Bay Trail (Myrtle Edwards),2024-11-22,4,0,11,0,49.7,1.0,none,3700,2446
belltown,Elliott Bay Trail (Myrtle Edwards),2024-11-23,5,1,11,0,46.0,0.08,none,3700,2872
belltown,Elliott Bay Trail (Myrtle Edwards),2024-11-24,6,1,11,0,44.0,0.61,none,3700,1857
belltown,Elliott Bay Trail (Myrtle Edwards),2024-11-25,0,0,11,0,45.2,1.0,none,3700,1264
belltown,Elliott Bay Trail (Myrtle Edwards),2024-11-26,1,0,11,0,45.5,0.0,none,3700,1784
belltown,Elliott Bay Trail (Myrtle Edwards),2024-11-27,2,0,11,0,44.1,0.01,none,3700,2241
belltown,Elliott Bay Trail (Myrtle Edwards),2024-11-28,3,0,11,0,42.5,0.0,none,3700,3129
belltown,Elliott Bay Trail (Myrtle Edwards),2024-11-29,4,0,11,0,40.4,0.0,none,3700,2175
belltown,Elliott Bay Trail (Myrtle Edwards),2024-11-30,5,1,11,0,40.5,0.0,none,3700,3042
belltown,Elliott Bay Trail (Myrtle Edwards),2024-12-01,6,1,12,0,42.4,0.0,none,3700,3740
belltown,Elliott Bay Trail (Myrtle Edwards),2024-12-02,0,0,12,0,38.4,0.0,none,3700,1674
belltown,Elliott Bay Trail (Myrtle Edwards),2024-12-03,1,0,12,0,40.4,0.0,none,3700,2023
belltown,Elliott Bay Trail (Myrtle Edwards),2024-12-04,2,0,12,0,38.8,0.0,none,3700,1815
belltown,Elliott Bay Trail (Myrtle Edwards),2024-12-05,3,0,12,0,39.8,0.0,none,3700,2027
belltown,Elliott Bay Trail (Myrtle Edwards),2024-12-06,4,0,12,0,43.2,0.0,none,3700,1951
belltown,Elliott Bay Trail (Myrtle Edwards),2024-12-07,5,1,12,0,47.9,1.0,none,3700,1261
belltown,Elliott Bay Trail (Myrtle Edwards),2024-12-08,6,1,12,0,43.8,0.13,none,3700,2337
belltown,Elliott Bay Trail (Myrtle Edwards),2024-12-09,0,0,12,0,42.8,0.0,none,3700,2257
belltown,Elliott Bay Trail (Myrtle Edwards),2024-12-10,1,0,12,0,40.1,0.0,none,3700,2133
belltown,Elliott Bay Trail (Myrtle Edwards),2024-12-11,2,0,12,0,42.1,0.0,none,3700,2146
belltown,Elliott Bay Trail (Myrtle Edwards),2024-12-12,3,0,12,0,40.0,0.15,none,3700,1483
belltown,Elliott Bay Trail (Myrtle Edwards),2024-12-13,4,0,12,0,43.3,1.0,none,3700,947
belltown,Elliott Bay Trail (Myrtle Edwards),2024-12-14,5,1,12,0,46.0,0.89,none,3700,1146
belltown,Elliott Bay Trail (Myrtle Edwards),2024-12-15,6,1,12,0,43.6,0.03,none,3700,3521
belltown,Elliott Bay Trail (Myrtle Edwards),2024-12-16,0,0,12,0,45.0,0.57,none,3700,1663
belltown,Elliott Bay Trail (Myrtle Edwards),2024-12-17,1,0,12,0,47.8,1.0,none,3700,711
belltown,Elliott Bay Trail (Myrtle Edwards),2024-12-18,2,0,12,0,50.5,1.0,none,3700,2263
belltown,Elliott Bay Trail (Myrtle Edwards),2024-12-19,3,0,12,0,48.3,1.0,none,3700,1500
belltown,Elliott Bay Trail (Myrtle Edwards),2024-12-20,4,0,12,0,50.0,0.15,none,3700,1785
belltown,Elliott Bay Trail (Myrtle Edwards),2024-12-21,5,1,12,0,48.0,0.58,none,3700,576
belltown,Elliott Bay Trail (Myrtle Edwards),2024-12-22,6,1,12,0,45.2,0.72,none,3700,92
belltown,Elliott Bay Trail (Myrtle Edwards),2024-12-23,0,0,12,0,49.8,0.32,none,3700,1251
belltown,Elliott Bay Trail (Myrtle Edwards),2024-12-24,1,0,12,0,48.0,0.34,none,3700,2381
belltown,Elliott Bay Trail (Myrtle Edwards),2024-12-25,2,0,12,0,44.0,1.0,none,3700,725
belltown,Elliott Bay Trail (Myrtle Edwards),2024-12-26,3,0,12,0,46.9,1.0,none,3700,1826
belltown,Elliott Bay Trail (Myrtle Edwards),2024-12-27,4,0,12,0,44.9,1.0,none,3700,946
belltown,Elliott Bay Trail (Myrtle Edwards),2024-12-28,5,1,12,0,47.7,0.67,none,3700,1398
belltown,Elliott Bay Trail (Myrtle Edwards),2024-12-29,6,1,12,0,43.6,1.0,none,3700,1566
belltown,Elliott Bay Trail (Myrtle Edwards),2024-12-30,0,0,12,0,43.1,0.26,none,3700,1900
belltown,Elliott Bay Trail (Myrtle Edwards),2024-12-31,1,0,12,0,41.8,0.05,none,3700,2861
belltown,Elliott Bay Trail (Myrtle Edwards),2025-01-01,2,0,1,0,41.5,0.14,none,3700,3674
belltown,Elliott Bay Trail (Myrtle Edwards),2025-01-02,3,0,1,0,41.0,0.24,none,3700,1474
belltown,Elliott Bay Trail (Myrtle Edwards),2025-01-03,4,0,1,0,42.1,1.0,none,3700,1076
belltown,Elliott Bay Trail (Myrtle Edwards),2025-01-04,5,1,1,0,43.1,0.79,none,3700,1878
belltown,Elliott Bay Trail (Myrtle Edwards),2025-01-05,6,1,1,0,46.6,0.14,none,3700,2703
belltown,Elliott Bay Trail (Myrtle Edwards),2025-01-06,0,0,1,0,43.2,0.0,none,3700,1918
belltown,Elliott Bay Trail (Myrtle Edwards),2025-01-07,1,0,1,0,39.4,0.01,none,3700,2424
belltown,Elliott Bay Trail (Myrtle Edwards),2025-01-08,2,0,1,0,45.2,0.21,none,3700,3114
belltown,Elliott Bay Trail (Myrtle Edwards),2025-01-09,3,0,1,0,43.5,0.0,none,3700,3104
belltown,Elliott Bay Trail (Myrtle Edwards),2025-01-10,4,0,1,0,44.8,0.72,none,3700,2097
belltown,Elliott Bay Trail (Myrtle Edwards),2025-01-11,5,1,1,0,42.0,0.0,none,3700,4223
belltown,Elliott Bay Trail (Myrtle Edwards),2025-01-12,6,1,1,0,41.3,0.03,none,3700,2970
belltown,Elliott Bay Trail (Myrtle Edwards),2025-01-13,0,0,1,0,38.0,0.0,none,3700,2058
belltown,Elliott Bay Trail (Myrtle Edwards),2025-01-14,1,0,1,0,39.5,0.0,none,3700,2204
belltown,Elliott Bay Trail (Myrtle Edwards),2025-01-15,2,0,1,0,40.1,0.0,none,3700,2216
belltown,Elliott Bay Trail (Myrtle Edwards),2025-01-16,3,0,1,0,40.2,0.01,none,3700,2001
belltown,Elliott Bay Trail (Myrtle Edwards),2025-01-17,4,0,1,0,40.2,0.03,none,3700,2460
belltown,Elliott Bay Trail (Myrtle Edwards),2025-01-18,5,1,1,0,37.2,0.0,none,3700,4888
belltown,Elliott Bay Trail (Myrtle Edwards),2025-01-19,6,1,1,0,36.8,0.0,none,3700,4865
belltown,Elliott Bay Trail (Myrtle Edwards),2025-01-20,0,0,1,0,35.3,0.0,none,3700,3491
belltown,Elliott Bay Trail (Myrtle Edwards),2025-01-21,1,0,1,0,36.5,0.0,none,3700,2783
belltown,Elliott Bay Trail (Myrtle Edwards),2025-01-22,2,0,1,0,36.1,0.0,none,3700,2822
belltown,Elliott Bay Trail (Myrtle Edwards),2025-01-23,3,0,1,0,36.5,0.0,none,3700,2189
belltown,Elliott Bay Trail (Myrtle Edwards),2025-01-24,4,0,1,0,39.0,0.0,none,3700,3266
belltown,Elliott Bay Trail (Myrtle Edwards),2025-01-25,5,1,1,0,36.6,0.0,none,3700,5224
belltown,Elliott Bay Trail (Myrtle Edwards),2025-01-26,6,1,1,0,36.0,0.0,none,3700,4799
belltown,Elliott Bay Trail (Myrtle Edwards),2025-01-27,0,0,1,0,36.9,0.0,none,3700,2979
belltown,Elliott Bay Trail (Myrtle Edwards),2025-01-28,1,0,1,0,35.9,0.0,none,3700,3170
belltown,Elliott Bay Trail (Myrtle Edwards),2025-01-29,2,0,1,0,36.5,0.0,none,3700,3046
belltown,Elliott Bay Trail (Myrtle Edwards),2025-01-30,3,0,1,0,37.0,0.16,none,3700,2122
belltown,Elliott Bay Trail (Myrtle Edwards),2025-01-31,4,0,1,0,44.6,1.0,none,3700,1040
belltown,Elliott Bay Trail (Myrtle Edwards),2025-02-01,5,1,2,0,38.8,0.1,none,3700,2305
belltown,Elliott Bay Trail (Myrtle Edwards),2025-02-02,6,1,2,0,35.8,0.55,none,3700,1884
belltown,Elliott Bay Trail (Myrtle Edwards),2025-02-03,0,0,2,0,35.9,0.15,none,3700,1492
belltown,Elliott Bay Trail (Myrtle Edwards),2025-02-04,1,0,2,0,36.2,0.01,none,3700,2636
belltown,Elliott Bay Trail (Myrtle Edwards),2025-02-05,2,0,2,0,34.5,0.43,none,3700,1398
belltown,Elliott Bay Trail (Myrtle Edwards),2025-02-06,3,0,2,0,33.9,1.0,none,3700,1846
belltown,Elliott Bay Trail (Myrtle Edwards),2025-02-07,4,0,2,0,34.2,0.0,none,3700,2047
belltown,Elliott Bay Trail (Myrtle Edwards),2025-02-08,5,1,2,0,35.9,0.54,none,3700,2191
belltown,Elliott Bay Trail (Myrtle Edwards),2025-02-09,6,1,2,0,37.8,0.0,none,3700,3042
belltown,Elliott Bay Trail (Myrtle Edwards),2025-02-10,0,0,2,0,35.0,0.02,none,3700,2163
belltown,Elliott Bay Trail (Myrtle Edwards),2025-02-11,1,0,2,0,29.4,0.0,none,3700,3360
belltown,Elliott Bay Trail (Myrtle Edwards),2025-02-12,2,0,2,0,31.9,0.0,none,3700,2952
belltown,Elliott Bay Trail (Myrtle Edwards),2025-02-13,3,0,2,0,32.8,0.04,none,3700,1436
belltown,Elliott Bay Trail (Myrtle Edwards),2025-02-14,4,0,2,0,38.2,0.04,none,3700,1193
belltown,Elliott Bay Trail (Myrtle Edwards),2025-02-15,5,1,2,0,39.6,0.21,none,3700,2276
belltown,Elliott Bay Trail (Myrtle Edwards),2025-02-16,6,1,2,0,43.6,0.6,none,3700,2702
belltown,Elliott Bay Trail (Myrtle Edwards),2025-02-17,0,0,2,0,44.6,0.7,none,3700,1824
belltown,Elliott Bay Trail (Myrtle Edwards),2025-02-18,1,0,2,0,48.0,0.04,none,3700,2636
belltown,Elliott Bay Trail (Myrtle Edwards),2025-02-19,2,0,2,0,47.2,0.76,none,3700,1729
belltown,Elliott Bay Trail (Myrtle Edwards),2025-02-20,3,0,2,0,46.9,0.0,none,3700,2080
belltown,Elliott Bay Trail (Myrtle Edwards),2025-02-21,4,0,2,0,45.0,0.69,none,3700,1600
belltown,Elliott Bay Trail (Myrtle Edwards),2025-02-22,5,1,2,0,49.9,1.0,none,3700,1771
belltown,Elliott Bay Trail (Myrtle Edwards),2025-02-23,6,1,2,0,50.9,1.0,none,3700,955
belltown,Elliott Bay Trail (Myrtle Edwards),2025-02-24,0,0,2,0,46.5,0.66,none,3700,838
belltown,Elliott Bay Trail (Myrtle Edwards),2025-02-25,1,0,2,0,48.4,1.0,none,3700,1801
belltown,Elliott Bay Trail (Myrtle Edwards),2025-02-26,2,0,2,0,46.5,0.0,none,3700,3616
belltown,Elliott Bay Trail (Myrtle Edwards),2025-02-27,3,0,2,0,51.7,0.0,none,3700,5073
belltown,Elliott Bay Trail (Myrtle Edwards),2025-02-28,4,0,2,0,47.0,0.0,none,3700,1
belltown,Elliott Bay Trail (Myrtle Edwards),2025-03-02,6,1,3,0,47.7,0.01,none,3700,1
belltown,Elliott Bay Trail (Myrtle Edwards),2025-03-03,0,0,3,0,49.2,0.04,none,3700,1268
belltown,Elliott Bay Trail (Myrtle Edwards),2025-03-21,4,0,3,0,47.7,0.46,none,3700,2518
belltown,Elliott Bay Trail (Myrtle Edwards),2025-04-10,3,0,4,0,55.3,0.51,none,3700,155
belltown,Elliott Bay Trail (Myrtle Edwards),2025-04-14,0,0,4,0,52.7,0.0,none,3700,3833
belltown,Elliott Bay Trail (Myrtle Edwards),2025-04-15,1,0,4,0,53.3,0.0,none,3700,4719
belltown,Elliott Bay Trail (Myrtle Edwards),2025-04-16,2,0,4,0,52.4,0.0,none,3700,5127
belltown,Elliott Bay Trail (Myrtle Edwards),2025-04-17,3,0,4,0,52.7,0.0,none,3700,5092
belltown,Elliott Bay Trail (Myrtle Edwards),2025-04-18,4,0,4,0,56.1,0.0,none,3700,5847
belltown,Elliott Bay Trail (Myrtle Edwards),2025-04-19,5,1,4,0,54.1,0.18,none,3700,3439
belltown,Elliott Bay Trail (Myrtle Edwards),2025-04-20,6,1,4,0,50.5,0.75,none,3700,2522
belltown,Elliott Bay Trail (Myrtle Edwards),2025-04-21,0,0,4,0,50.0,0.07,none,3700,3649
belltown,Elliott Bay Trail (Myrtle Edwards),2025-04-22,1,0,4,0,49.8,0.0,none,3700,5006
belltown,Elliott Bay Trail (Myrtle Edwards),2025-04-23,2,0,4,0,52.0,0.0,none,3700,5659
belltown,Elliott Bay Trail (Myrtle Edwards),2025-04-24,3,0,4,0,55.8,0.0,none,3700,5307
belltown,Elliott Bay Trail (Myrtle Edwards),2025-04-25,4,0,4,0,57.5,0.0,none,3700,4434
belltown,Elliott Bay Trail (Myrtle Edwards),2025-04-26,5,1,4,0,55.8,0.0,none,3700,5150
belltown,Elliott Bay Trail (Myrtle Edwards),2025-04-27,6,1,4,0,54.2,0.0,none,3700,4021
belltown,Elliott Bay Trail (Myrtle Edwards),2025-04-28,0,0,4,0,53.4,0.27,none,3700,2113
belltown,Elliott Bay Trail (Myrtle Edwards),2025-04-29,1,0,4,0,52.8,0.41,none,3700,2727
belltown,Elliott Bay Trail (Myrtle Edwards),2025-04-30,2,0,4,0,53.0,0.0,none,3700,4835
belltown,Elliott Bay Trail (Myrtle Edwards),2025-05-01,3,0,5,0,57.7,0.0,none,3700,5539
belltown,Elliott Bay Trail (Myrtle Edwards),2025-05-02,4,0,5,0,60.5,0.0,none,3700,4390
belltown,Elliott Bay Trail (Myrtle Edwards),2025-05-03,5,1,5,0,52.8,0.55,none,3700,3560
belltown,Elliott Bay Trail (Myrtle Edwards),2025-05-04,6,1,5,0,51.8,0.05,none,3700,1535
belltown,Elliott Bay Trail (Myrtle Edwards),2025-05-05,0,0,5,0,55.5,0.0,none,3700,1345
belltown,Elliott Bay Trail (Myrtle Edwards),2025-05-06,1,0,5,0,61.9,0.0,none,3700,4888
belltown,Elliott Bay Trail (Myrtle Edwards),2025-05-07,2,0,5,0,56.9,0.0,none,3700,3889
belltown,Elliott Bay Trail (Myrtle Edwards),2025-05-08,3,0,5,0,52.8,0.0,none,3700,4668
belltown,Elliott Bay Trail (Myrtle Edwards),2025-05-09,4,0,5,0,56.6,0.0,none,3700,3743
belltown,Elliott Bay Trail (Myrtle Edwards),2025-05-10,5,1,5,0,56.7,0.02,none,3700,3710
belltown,Elliott Bay Trail (Myrtle Edwards),2025-05-11,6,1,5,0,56.5,0.33,none,3700,3751
belltown,Elliott Bay Trail (Myrtle Edwards),2025-05-12,0,0,5,0,56.5,0.08,none,3700,4448
belltown,Elliott Bay Trail (Myrtle Edwards),2025-05-13,1,0,5,0,56.5,0.0,none,3700,3153
belltown,Elliott Bay Trail (Myrtle Edwards),2025-05-14,2,0,5,0,56.0,0.09,none,3700,3211
belltown,Elliott Bay Trail (Myrtle Edwards),2025-05-15,3,0,5,0,51.8,0.22,none,3700,2177
belltown,Elliott Bay Trail (Myrtle Edwards),2025-05-16,4,0,5,0,53.7,0.28,none,3700,2705
belltown,Elliott Bay Trail (Myrtle Edwards),2025-05-17,5,1,5,0,54.0,1.0,none,3700,1804
belltown,Elliott Bay Trail (Myrtle Edwards),2025-05-18,6,1,5,0,53.5,0.1,none,3700,6010
belltown,Elliott Bay Trail (Myrtle Edwards),2025-05-19,0,0,5,0,54.0,0.83,none,3700,2467
belltown,Elliott Bay Trail (Myrtle Edwards),2025-05-20,1,0,5,0,54.5,0.06,none,3700,3355
belltown,Elliott Bay Trail (Myrtle Edwards),2025-05-21,2,0,5,0,54.4,0.31,none,3700,3765
belltown,Elliott Bay Trail (Myrtle Edwards),2025-05-22,3,0,5,0,56.5,0.0,none,3700,4570
belltown,Elliott Bay Trail (Myrtle Edwards),2025-05-23,4,0,5,0,56.3,0.01,none,3700,3790
belltown,Elliott Bay Trail (Myrtle Edwards),2025-05-24,5,1,5,0,60.1,0.0,none,3700,5701
belltown,Elliott Bay Trail (Myrtle Edwards),2025-05-25,6,1,5,0,60.8,0.0,none,3700,4519
belltown,Elliott Bay Trail (Myrtle Edwards),2025-05-26,0,0,5,0,61.0,0.09,none,3700,4721
belltown,Elliott Bay Trail (Myrtle Edwards),2025-05-27,1,0,5,0,60.4,0.0,none,3700,4812
belltown,Elliott Bay Trail (Myrtle Edwards),2025-05-28,2,0,5,0,68.1,0.0,none,3700,5430
belltown,Elliott Bay Trail (Myrtle Edwards),2025-05-29,3,0,5,0,60.2,0.63,none,3700,3756
belltown,Elliott Bay Trail (Myrtle Edwards),2025-05-30,4,0,5,0,62.5,0.0,none,3700,4763
belltown,Elliott Bay Trail (Myrtle Edwards),2025-05-31,5,1,5,0,56.6,0.13,none,3700,1840
belltown,Elliott Bay Trail (Myrtle Edwards),2025-06-01,6,1,6,1,57.2,0.0,none,3700,4658
belltown,Elliott Bay Trail (Myrtle Edwards),2025-06-02,0,0,6,1,58.8,0.0,none,3700,7282
belltown,Elliott Bay Trail (Myrtle Edwards),2025-06-03,1,0,6,1,62.6,0.0,none,3700,5955
belltown,Elliott Bay Trail (Myrtle Edwards),2025-06-04,2,0,6,1,63.2,0.01,none,3700,4987
belltown,Elliott Bay Trail (Myrtle Edwards),2025-06-05,3,0,6,1,64.6,0.0,none,3700,6301
belltown,Elliott Bay Trail (Myrtle Edwards),2025-06-06,4,0,6,1,67.3,0.0,none,3700,5730
belltown,Elliott Bay Trail (Myrtle Edwards),2025-06-07,5,1,6,1,67.1,0.0,none,3700,8057
belltown,Elliott Bay Trail (Myrtle Edwards),2025-06-08,6,1,6,1,73.2,0.0,none,3700,8161
belltown,Elliott Bay Trail (Myrtle Edwards),2025-06-09,0,0,6,1,72.8,0.0,none,3700,7721
belltown,Elliott Bay Trail (Myrtle Edwards),2025-06-10,1,0,6,1,69.5,0.0,none,3700,5067
belltown,Elliott Bay Trail (Myrtle Edwards),2025-06-11,2,0,6,1,64.0,0.0,none,3700,4080
belltown,Elliott Bay Trail (Myrtle Edwards),2025-06-12,3,0,6,1,61.6,0.0,none,3700,2793
belltown,Elliott Bay Trail (Myrtle Edwards),2025-06-13,4,0,6,1,58.6,0.0,none,3700,3463
belltown,Elliott Bay Trail (Myrtle Edwards),2025-06-14,5,1,6,1,60.2,0.0,none,3700,5871
belltown,Elliott Bay Trail (Myrtle Edwards),2025-06-15,6,1,6,1,60.8,0.0,none,3700,6438
belltown,Elliott Bay Trail (Myrtle Edwards),2025-06-16,0,0,6,1,63.9,0.0,none,3700,4877
belltown,Elliott Bay Trail (Myrtle Edwards),2025-06-17,1,0,6,1,64.3,0.0,none,3700,5241
belltown,Elliott Bay Trail (Myrtle Edwards),2025-06-18,2,0,6,1,63.6,0.1,none,3700,5734
belltown,Elliott Bay Trail (Myrtle Edwards),2025-06-19,3,0,6,1,60.7,0.0,none,3700,5001
belltown,Elliott Bay Trail (Myrtle Edwards),2025-06-20,4,0,6,1,58.4,0.02,none,3700,3994
belltown,Elliott Bay Trail (Myrtle Edwards),2025-06-21,5,1,6,1,57.1,0.59,none,3700,2305
belltown,Elliott Bay Trail (Myrtle Edwards),2025-06-22,6,1,6,1,61.8,0.0,none,3700,5325
belltown,Elliott Bay Trail (Myrtle Edwards),2025-06-23,0,0,6,1,64.7,0.0,none,3700,6156
belltown,Elliott Bay Trail (Myrtle Edwards),2025-06-24,1,0,6,1,66.4,0.0,none,3700,4508
belltown,Elliott Bay Trail (Myrtle Edwards),2025-06-25,2,0,6,1,63.7,0.02,none,3700,3787
belltown,Elliott Bay Trail (Myrtle Edwards),2025-06-26,3,0,6,1,61.0,0.27,none,3700,2833
belltown,Elliott Bay Trail (Myrtle Edwards),2025-06-27,4,0,6,1,61.4,0.02,none,3700,2841
belltown,Elliott Bay Trail (Myrtle Edwards),2025-06-28,5,1,6,1,63.8,0.0,none,3700,6367
belltown,Elliott Bay Trail (Myrtle Edwards),2025-06-29,6,1,6,1,65.7,0.0,none,3700,7678
belltown,Elliott Bay Trail (Myrtle Edwards),2025-06-30,0,0,6,1,70.8,0.0,none,3700,6906
belltown,Elliott Bay Trail (Myrtle Edwards),2025-07-01,1,0,7,1,69.6,0.0,none,3700,6007
belltown,Elliott Bay Trail (Myrtle Edwards),2025-07-02,2,0,7,1,68.1,0.0,none,3700,4455
belltown,Elliott Bay Trail (Myrtle Edwards),2025-07-03,3,0,7,1,63.8,0.0,none,3700,5028
belltown,Elliott Bay Trail (Myrtle Edwards),2025-07-04,4,0,7,1,65.2,0.0,none,3700,4185
belltown,Elliott Bay Trail (Myrtle Edwards),2025-07-05,5,1,7,1,66.2,0.0,none,3700,5755
belltown,Elliott Bay Trail (Myrtle Edwards),2025-07-06,6,1,7,1,66.1,0.0,none,3700,5846
belltown,Elliott Bay Trail (Myrtle Edwards),2025-07-07,0,0,7,1,69.4,0.0,none,3700,6785
belltown,Elliott Bay Trail (Myrtle Edwards),2025-07-08,1,0,7,1,72.8,0.0,none,3700,5550
belltown,Elliott Bay Trail (Myrtle Edwards),2025-07-09,2,0,7,1,65.9,0.22,none,3700,3776
belltown,Elliott Bay Trail (Myrtle Edwards),2025-07-10,3,0,7,1,65.2,0.07,none,3700,5753
belltown,Elliott Bay Trail (Myrtle Edwards),2025-07-11,4,0,7,1,69.7,0.0,none,3700,5283
belltown,Elliott Bay Trail (Myrtle Edwards),2025-07-12,5,1,7,1,70.4,0.0,none,3700,5512
belltown,Elliott Bay Trail (Myrtle Edwards),2025-07-13,6,1,7,1,73.5,0.0,none,3700,6001
belltown,Elliott Bay Trail (Myrtle Edwards),2025-07-14,0,0,7,1,68.7,0.0,none,3700,5103
belltown,Elliott Bay Trail (Myrtle Edwards),2025-07-15,1,0,7,1,72.7,0.0,none,3700,7306
belltown,Elliott Bay Trail (Myrtle Edwards),2025-07-16,2,0,7,1,77.8,0.0,none,3700,4967
belltown,Elliott Bay Trail (Myrtle Edwards),2025-07-17,3,0,7,1,71.2,0.0,none,3700,4804
belltown,Elliott Bay Trail (Myrtle Edwards),2025-07-18,4,0,7,1,68.2,0.0,none,3700,3811
belltown,Elliott Bay Trail (Myrtle Edwards),2025-07-19,5,1,7,1,63.9,0.03,none,3700,4395
belltown,Elliott Bay Trail (Myrtle Edwards),2025-07-20,6,1,7,1,64.4,0.0,none,3700,4547
belltown,Elliott Bay Trail (Myrtle Edwards),2025-07-21,0,0,7,1,68.1,0.0,none,3700,5042
belltown,Elliott Bay Trail (Myrtle Edwards),2025-07-22,1,0,7,1,68.0,0.0,none,3700,4821
belltown,Elliott Bay Trail (Myrtle Edwards),2025-07-23,2,0,7,1,70.0,0.0,none,3700,5282
belltown,Elliott Bay Trail (Myrtle Edwards),2025-07-24,3,0,7,1,67.9,0.0,none,3700,5346
belltown,Elliott Bay Trail (Myrtle Edwards),2025-07-25,4,0,7,1,64.4,0.05,none,3700,3689
belltown,Elliott Bay Trail (Myrtle Edwards),2025-07-26,5,1,7,1,65.9,0.0,none,3700,3939
belltown,Elliott Bay Trail (Myrtle Edwards),2025-07-27,6,1,7,1,66.8,0.0,none,3700,4559
belltown,Elliott Bay Trail (Myrtle Edwards),2025-07-28,0,0,7,1,67.8,0.0,none,3700,5358
belltown,Elliott Bay Trail (Myrtle Edwards),2025-07-29,1,0,7,1,70.0,0.0,none,3700,5648
belltown,Elliott Bay Trail (Myrtle Edwards),2025-07-30,2,0,7,1,70.1,0.0,none,3700,4419
belltown,Elliott Bay Trail (Myrtle Edwards),2025-07-31,3,0,7,1,71.8,0.0,none,3700,3447
belltown,Elliott Bay Trail (Myrtle Edwards),2025-08-01,4,0,8,1,70.2,0.0,none,3700,3646
belltown,Elliott Bay Trail (Myrtle Edwards),2025-08-02,5,1,8,1,69.3,0.0,none,3700,3847
belltown,Elliott Bay Trail (Myrtle Edwards),2025-08-03,6,1,8,1,66.5,0.0,none,3700,3682
belltown,Elliott Bay Trail (Myrtle Edwards),2025-08-04,0,0,8,1,66.7,0.0,none,3700,3580
belltown,Elliott Bay Trail (Myrtle Edwards),2025-08-05,1,0,8,1,69.2,0.0,none,3700,3864
belltown,Elliott Bay Trail (Myrtle Edwards),2025-08-06,2,0,8,1,66.5,0.78,none,3700,4481
belltown,Elliott Bay Trail (Myrtle Edwards),2025-08-07,3,0,8,1,63.6,0.34,none,3700,3721
belltown,Elliott Bay Trail (Myrtle Edwards),2025-08-08,4,0,8,1,64.2,0.0,none,3700,4256
belltown,Elliott Bay Trail (Myrtle Edwards),2025-08-09,5,1,8,1,66.4,0.0,none,3700,5175
belltown,Elliott Bay Trail (Myrtle Edwards),2025-08-10,6,1,8,1,71.8,0.0,none,3700,5164
belltown,Elliott Bay Trail (Myrtle Edwards),2025-08-11,0,0,8,1,75.6,0.0,none,3700,5495
belltown,Elliott Bay Trail (Myrtle Edwards),2025-08-12,1,0,8,1,77.3,0.0,none,3700,4207
belltown,Elliott Bay Trail (Myrtle Edwards),2025-08-13,2,0,8,1,73.3,0.0,none,3700,3685
belltown,Elliott Bay Trail (Myrtle Edwards),2025-08-14,3,0,8,1,69.6,0.49,none,3700,4158
belltown,Elliott Bay Trail (Myrtle Edwards),2025-08-15,4,0,8,1,65.0,1.0,none,3700,1625
belltown,Elliott Bay Trail (Myrtle Edwards),2025-08-16,5,1,8,1,66.0,0.15,none,3700,6104
belltown,Elliott Bay Trail (Myrtle Edwards),2025-08-17,6,1,8,1,65.2,0.0,none,3700,3917
belltown,Elliott Bay Trail (Myrtle Edwards),2025-08-18,0,0,8,1,66.9,0.0,none,3700,3761
belltown,Elliott Bay Trail (Myrtle Edwards),2025-08-19,1,0,8,1,65.3,0.0,none,3700,3629
belltown,Elliott Bay Trail (Myrtle Edwards),2025-08-20,2,0,8,1,64.6,0.0,none,3700,5875
belltown,Elliott Bay Trail (Myrtle Edwards),2025-08-21,3,0,8,1,63.9,0.0,none,3700,5783
belltown,Elliott Bay Trail (Myrtle Edwards),2025-08-22,4,0,8,1,70.1,0.0,none,3700,4801
belltown,Elliott Bay Trail (Myrtle Edwards),2025-08-23,5,1,8,1,72.1,0.0,none,3700,4975
belltown,Elliott Bay Trail (Myrtle Edwards),2025-08-24,6,1,8,1,73.2,0.0,none,3700,3809
belltown,Elliott Bay Trail (Myrtle Edwards),2025-08-25,0,0,8,1,74.4,0.0,none,3700,3695
belltown,Elliott Bay Trail (Myrtle Edwards),2025-08-26,1,0,8,1,73.7,0.0,none,3700,4141
belltown,Elliott Bay Trail (Myrtle Edwards),2025-08-27,2,0,8,1,71.6,0.0,none,3700,3137
belltown,Elliott Bay Trail (Myrtle Edwards),2025-08-28,3,0,8,1,71.6,0.02,none,3700,3903
belltown,Elliott Bay Trail (Myrtle Edwards),2025-08-29,4,0,8,1,69.7,0.0,none,3700,2905
belltown,Elliott Bay Trail (Myrtle Edwards),2025-08-30,5,1,8,1,65.8,0.0,none,3700,3333
belltown,Elliott Bay Trail (Myrtle Edwards),2025-08-31,6,1,8,1,65.5,0.14,none,3700,3601
belltown,Elliott Bay Trail (Myrtle Edwards),2025-09-01,0,0,9,0,65.5,0.0,none,3700,3618
belltown,Elliott Bay Trail (Myrtle Edwards),2025-09-02,1,0,9,0,66.3,0.0,none,3700,3700
belltown,Elliott Bay Trail (Myrtle Edwards),2025-09-03,2,0,9,0,67.0,0.0,none,3700,4113
belltown,Elliott Bay Trail (Myrtle Edwards),2025-09-04,3,0,9,0,67.5,0.0,none,3700,3078
belltown,Elliott Bay Trail (Myrtle Edwards),2025-09-05,4,0,9,0,67.2,0.0,none,3700,2872
belltown,Elliott Bay Trail (Myrtle Edwards),2025-09-06,5,1,9,0,65.2,0.14,none,3700,3455
belltown,Elliott Bay Trail (Myrtle Edwards),2025-09-07,6,1,9,0,65.6,0.0,none,3700,2178
belltown,Elliott Bay Trail (Myrtle Edwards),2025-09-08,0,0,9,0,64.9,0.0,none,3700,2398
belltown,Elliott Bay Trail (Myrtle Edwards),2025-09-09,1,0,9,0,65.3,0.0,none,3700,2105
belltown,Elliott Bay Trail (Myrtle Edwards),2025-09-10,2,0,9,0,64.0,0.0,none,3700,2542
belltown,Elliott Bay Trail (Myrtle Edwards),2025-09-11,3,0,9,0,64.6,0.0,none,3700,2631
belltown,Elliott Bay Trail (Myrtle Edwards),2025-09-12,4,0,9,0,64.2,0.0,none,3700,2703
belltown,Elliott Bay Trail (Myrtle Edwards),2025-09-13,5,1,9,0,66.8,0.0,none,3700,3762
belltown,Elliott Bay Trail (Myrtle Edwards),2025-09-14,6,1,9,0,64.0,0.4,none,3700,2271
belltown,Elliott Bay Trail (Myrtle Edwards),2025-09-15,0,0,9,0,60.6,0.0,none,3700,4282
belltown,Elliott Bay Trail (Myrtle Edwards),2025-09-16,1,0,9,0,71.1,0.0,none,3700,3405
belltown,Elliott Bay Trail (Myrtle Edwards),2025-09-17,2,0,9,0,68.2,0.0,none,3700,3681
belltown,Elliott Bay Trail (Myrtle Edwards),2025-09-18,3,0,9,0,62.7,0.0,none,3700,3668
belltown,Elliott Bay Trail (Myrtle Edwards),2025-09-19,4,0,9,0,62.6,0.0,none,3700,3096
belltown,Elliott Bay Trail (Myrtle Edwards),2025-09-20,5,1,9,0,64.8,0.0,none,3700,3447
belltown,Elliott Bay Trail (Myrtle Edwards),2025-09-21,6,1,9,0,62.0,1.0,none,3700,1734
belltown,Elliott Bay Trail (Myrtle Edwards),2025-09-22,0,0,9,0,60.7,0.0,none,3700,1588
belltown,Elliott Bay Trail (Myrtle Edwards),2025-09-23,1,0,9,0,60.9,0.0,none,3700,3878
belltown,Elliott Bay Trail (Myrtle Edwards),2025-09-24,2,0,9,0,60.8,0.0,none,3700,3537
belltown,Elliott Bay Trail (Myrtle Edwards),2025-09-25,3,0,9,0,56.8,0.0,none,3700,3068
belltown,Elliott Bay Trail (Myrtle Edwards),2025-09-26,4,0,9,0,60.5,0.0,none,3700,3206
belltown,Elliott Bay Trail (Myrtle Edwards),2025-09-27,5,1,9,0,64.1,0.04,none,3700,3673
belltown,Elliott Bay Trail (Myrtle Edwards),2025-09-28,6,1,9,0,63.0,0.0,none,3700,4205
belltown,Elliott Bay Trail (Myrtle Edwards),2025-09-29,0,0,9,0,60.4,1.0,none,3700,1917
belltown,Elliott Bay Trail (Myrtle Edwards),2025-09-30,1,0,9,0,62.2,0.43,none,3700,2716
belltown,Elliott Bay Trail (Myrtle Edwards),2025-10-01,2,0,10,0,59.0,0.52,none,3700,2536
belltown,Elliott Bay Trail (Myrtle Edwards),2025-10-02,3,0,10,0,60.6,0.05,none,3700,3305
belltown,Elliott Bay Trail (Myrtle Edwards),2025-10-03,4,0,10,0,56.5,0.0,none,3700,2678
belltown,Elliott Bay Trail (Myrtle Edwards),2025-10-04,5,1,10,0,58.0,0.06,none,3700,3076
belltown,Elliott Bay Trail (Myrtle Edwards),2025-10-05,6,1,10,0,56.5,0.0,none,3700,4340
belltown,Elliott Bay Trail (Myrtle Edwards),2025-10-06,0,0,10,0,56.9,0.0,none,3700,3496
belltown,Elliott Bay Trail (Myrtle Edwards),2025-10-07,1,0,10,0,60.0,0.0,none,3700,3230
belltown,Elliott Bay Trail (Myrtle Edwards),2025-10-08,2,0,10,0,55.6,0.01,none,3700,3107
belltown,Elliott Bay Trail (Myrtle Edwards),2025-10-09,3,0,10,0,55.5,0.1,none,3700,2727
belltown,Elliott Bay Trail (Myrtle Edwards),2025-10-10,4,0,10,0,56.0,0.24,none,3700,2301
belltown,Elliott Bay Trail (Myrtle Edwards),2025-10-11,5,1,10,0,53.9,0.23,none,3700,2526
belltown,Elliott Bay Trail (Myrtle Edwards),2025-10-12,6,1,10,0,51.1,0.7,none,3700,2161
belltown,Elliott Bay Trail (Myrtle Edwards),2025-10-13,0,0,10,0,51.3,0.11,none,3700,3109
belltown,Elliott Bay Trail (Myrtle Edwards),2025-10-14,1,0,10,0,49.7,0.0,none,3700,2985
belltown,Elliott Bay Trail (Myrtle Edwards),2025-10-15,2,0,10,0,48.4,0.0,none,3700,2835
belltown,Elliott Bay Trail (Myrtle Edwards),2025-10-16,3,0,10,0,50.1,0.0,none,3700,2271
belltown,Elliott Bay Trail (Myrtle Edwards),2025-10-17,4,0,10,0,54.6,0.13,none,3700,2193
belltown,Elliott Bay Trail (Myrtle Edwards),2025-10-18,5,1,10,0,50.3,0.8,none,3700,2031
belltown,Elliott Bay Trail (Myrtle Edwards),2025-10-19,6,1,10,0,54.8,0.53,none,3700,2459
belltown,Elliott Bay Trail (Myrtle Edwards),2025-10-20,0,0,10,0,53.2,0.0,none,3700,2113
belltown,Elliott Bay Trail (Myrtle Edwards),2025-10-21,1,0,10,0,51.5,0.0,none,3700,3302
belltown,Elliott Bay Trail (Myrtle Edwards),2025-10-22,2,0,10,0,52.4,0.02,none,3700,2487
belltown,Elliott Bay Trail (Myrtle Edwards),2025-10-23,3,0,10,0,57.1,0.0,none,3700,2310
belltown,Elliott Bay Trail (Myrtle Edwards),2025-10-24,4,0,10,0,53.7,1.0,none,3700,900
belltown,Elliott Bay Trail (Myrtle Edwards),2025-10-25,5,1,10,0,51.0,0.8,none,3700,1754
belltown,Elliott Bay Trail (Myrtle Edwards),2025-10-26,6,1,10,0,46.2,0.98,none,3700,1375
belltown,Elliott Bay Trail (Myrtle Edwards),2025-10-27,0,0,10,0,48.1,0.16,none,3700,2575
belltown,Elliott Bay Trail (Myrtle Edwards),2025-10-28,1,0,10,0,47.8,0.51,none,3700,1926
belltown,Elliott Bay Trail (Myrtle Edwards),2025-10-29,2,0,10,0,53.2,0.29,none,3700,2926
belltown,Elliott Bay Trail (Myrtle Edwards),2025-10-30,3,0,10,0,47.4,0.0,none,3700,2166
belltown,Elliott Bay Trail (Myrtle Edwards),2025-10-31,4,0,10,0,49.5,1.0,none,3700,1173
belltown,Elliott Bay Trail (Myrtle Edwards),2025-11-01,5,1,11,0,55.0,1.0,none,3700,1976
belltown,Elliott Bay Trail (Myrtle Edwards),2025-11-02,6,1,11,0,50.9,0.0,none,3700,3712
belltown,Elliott Bay Trail (Myrtle Edwards),2025-11-03,0,0,11,0,47.3,0.31,none,3700,1517
belltown,Elliott Bay Trail (Myrtle Edwards),2025-11-04,1,0,11,0,48.4,0.07,none,3700,2360
belltown,Elliott Bay Trail (Myrtle Edwards),2025-11-05,2,0,11,0,55.1,1.0,none,3700,1206
belltown,Elliott Bay Trail (Myrtle Edwards),2025-11-06,3,0,11,0,53.9,1.0,none,3700,1005
belltown,Elliott Bay Trail (Myrtle Edwards),2025-11-07,4,0,11,0,51.4,0.0,none,3700,2689
belltown,Elliott Bay Trail (Myrtle Edwards),2025-11-08,5,1,11,0,49.0,0.0,none,3700,3582
belltown,Elliott Bay Trail (Myrtle Edwards),2025-11-09,6,1,11,0,52.1,0.0,none,3700,3682
belltown,Elliott Bay Trail (Myrtle Edwards),2025-11-10,0,0,11,0,54.5,0.33,none,3700,2268
belltown,Elliott Bay Trail (Myrtle Edwards),2025-11-11,1,0,11,0,49.1,0.0,none,3700,3280
belltown,Elliott Bay Trail (Myrtle Edwards),2025-11-12,2,0,11,0,50.0,0.42,none,3700,2088
belltown,Elliott Bay Trail (Myrtle Edwards),2025-11-13,3,0,11,0,54.7,1.0,none,3700,1091
belltown,Elliott Bay Trail (Myrtle Edwards),2025-11-14,4,0,11,0,50.1,1.0,none,3700,802
belltown,Elliott Bay Trail (Myrtle Edwards),2025-11-15,5,1,11,0,53.8,0.05,none,3700,2688
belltown,Elliott Bay Trail (Myrtle Edwards),2025-11-16,6,1,11,0,52.2,0.47,none,3700,2094
belltown,Elliott Bay Trail (Myrtle Edwards),2025-11-17,0,0,11,0,49.8,0.86,none,3700,1342
belltown,Elliott Bay Trail (Myrtle Edwards),2025-11-18,1,0,11,0,46.0,0.0,none,3700,2240
belltown,Elliott Bay Trail (Myrtle Edwards),2025-11-19,2,0,11,0,45.2,0.0,none,3700,2540
belltown,Elliott Bay Trail (Myrtle Edwards),2025-11-20,3,0,11,0,49.5,0.25,none,3700,2365
belltown,Elliott Bay Trail (Myrtle Edwards),2025-11-21,4,0,11,0,47.2,0.0,none,3700,1719
belltown,Elliott Bay Trail (Myrtle Edwards),2025-11-22,5,1,11,0,50.2,0.02,none,3700,2128
belltown,Elliott Bay Trail (Myrtle Edwards),2025-11-23,6,1,11,0,49.0,0.44,none,3700,1619
belltown,Elliott Bay Trail (Myrtle Edwards),2025-11-24,0,0,11,0,44.0,0.44,none,3700,1405
belltown,Elliott Bay Trail (Myrtle Edwards),2025-11-25,1,0,11,0,43.4,1.0,none,3700,1046
belltown,Elliott Bay Trail (Myrtle Edwards),2025-11-26,2,0,11,0,46.5,0.16,none,3700,1364
belltown,Elliott Bay Trail (Myrtle Edwards),2025-11-27,3,0,11,0,49.0,1.0,none,3700,1738
belltown,Elliott Bay Trail (Myrtle Edwards),2025-11-28,4,0,11,0,46.9,0.02,none,3700,2977
belltown,Elliott Bay Trail (Myrtle Edwards),2025-11-29,5,1,11,0,43.7,0.0,none,3700,2083
belltown,Elliott Bay Trail (Myrtle Edwards),2025-11-30,6,1,11,0,40.0,0.0,none,3700,2567
belltown,Elliott Bay Trail (Myrtle Edwards),2025-12-01,0,0,12,0,41.2,0.02,none,3700,1445
belltown,Elliott Bay Trail (Myrtle Edwards),2025-12-02,1,0,12,0,44.5,0.4,none,3700,1707
belltown,Elliott Bay Trail (Myrtle Edwards),2025-12-03,2,0,12,0,43.0,0.04,none,3700,1826
belltown,Elliott Bay Trail (Myrtle Edwards),2025-12-04,3,0,12,0,44.5,1.0,none,3700,883
belltown,Elliott Bay Trail (Myrtle Edwards),2025-12-05,4,0,12,0,50.5,1.0,none,3700,1358
belltown,Elliott Bay Trail (Myrtle Edwards),2025-12-06,5,1,12,0,50.5,0.02,none,3700,2453
belltown,Elliott Bay Trail (Myrtle Edwards),2025-12-07,6,1,12,0,51.5,0.88,none,3700,1773
belltown,Elliott Bay Trail (Myrtle Edwards),2025-12-08,0,0,12,0,52.8,1.0,none,3700,668
belltown,Elliott Bay Trail (Myrtle Edwards),2025-12-09,1,0,12,0,49.7,1.0,none,3700,1842
belltown,Elliott Bay Trail (Myrtle Edwards),2025-12-10,2,0,12,0,54.7,1.0,none,3700,487
belltown,Elliott Bay Trail (Myrtle Edwards),2025-12-11,3,0,12,0,51.5,1.0,none,3700,1419
belltown,Elliott Bay Trail (Myrtle Edwards),2025-12-12,4,0,12,0,50.3,0.0,none,3700,1508
belltown,Elliott Bay Trail (Myrtle Edwards),2025-12-13,5,1,12,0,50.8,0.0,none,3700,3286
belltown,Elliott Bay Trail (Myrtle Edwards),2025-12-14,6,1,12,0,51.2,0.32,none,3700,2023
belltown,Elliott Bay Trail (Myrtle Edwards),2025-12-15,0,0,12,0,53.7,1.0,none,3700,961
belltown,Elliott Bay Trail (Myrtle Edwards),2025-12-16,1,0,12,0,51.5,1.0,none,3700,791
belltown,Elliott Bay Trail (Myrtle Edwards),2025-12-17,2,0,12,0,48.8,1.0,none,3700,2135
belltown,Elliott Bay Trail (Myrtle Edwards),2025-12-18,3,0,12,0,48.0,1.0,none,3700,816
belltown,Elliott Bay Trail (Myrtle Edwards),2025-12-19,4,0,12,0,43.3,0.0,none,3700,1176
belltown,Elliott Bay Trail (Myrtle Edwards),2025-12-20,5,1,12,0,43.8,0.66,none,3700,1065
belltown,Elliott Bay Trail (Myrtle Edwards),2025-12-21,6,1,12,0,46.8,0.15,none,3700,1481
belltown,Elliott Bay Trail (Myrtle Edwards),2025-12-22,0,0,12,0,45.8,1.0,none,3700,1340
belltown,Elliott Bay Trail (Myrtle Edwards),2025-12-23,1,0,12,0,41.5,0.0,none,3700,1502
belltown,Elliott Bay Trail (Myrtle Edwards),2025-12-24,2,0,12,0,44.9,0.41,none,3700,1250
belltown,Elliott Bay Trail (Myrtle Edwards),2025-12-25,3,0,12,0,42.2,0.3,none,3700,1035
belltown,Elliott Bay Trail (Myrtle Edwards),2025-12-26,4,0,12,0,41.2,1.0,none,3700,1433
belltown,Elliott Bay Trail (Myrtle Edwards),2025-12-27,5,1,12,0,38.2,0.05,none,3700,2479
belltown,Elliott Bay Trail (Myrtle Edwards),2025-12-28,6,1,12,0,36.5,0.01,none,3700,2263
belltown,Elliott Bay Trail (Myrtle Edwards),2025-12-29,0,0,12,0,38.4,0.01,none,3700,1884
belltown,Elliott Bay Trail (Myrtle Edwards),2025-12-30,1,0,12,0,39.3,0.0,none,3700,2626
belltown,Elliott Bay Trail (Myrtle Edwards),2025-12-31,2,0,12,0,38.0,0.0,none,3700,2340
downtown,Downtown Activation Plan (quarterly midpoint),2019-02-15,4,0,2,0,39.9,0.21,none,7800,10444
downtown,Downtown Activation Plan (quarterly midpoint),2019-05-16,3,0,5,0,55.9,0.21,none,7800,12000
downtown,Downtown Activation Plan (quarterly midpoint),2019-08-15,3,0,8,1,69.6,0.0,none,7800,12475
downtown,Downtown Activation Plan (quarterly midpoint),2019-11-15,4,0,11,0,51.0,0.65,none,7800,11246
downtown,Downtown Activation Plan (quarterly midpoint),2020-02-15,5,1,2,0,43.8,0.49,none,7800,8352
downtown,Downtown Activation Plan (quarterly midpoint),2020-05-16,5,1,5,0,57.6,0.64,none,7800,3147
downtown,Downtown Activation Plan (quarterly midpoint),2020-08-15,5,1,8,1,69.3,0.0,none,7800,4321
downtown,Downtown Activation Plan (quarterly midpoint),2020-11-15,6,1,11,0,48.8,0.15,none,7800,4159
downtown,Downtown Activation Plan (quarterly midpoint),2021-02-15,0,0,2,0,39.2,1.0,none,7800,4209
downtown,Downtown Activation Plan (quarterly midpoint),2021-05-16,6,1,5,0,60.8,0.0,none,7800,5875
downtown,Downtown Activation Plan (quarterly midpoint),2021-08-15,6,1,8,1,72.6,0.0,none,7800,7458
downtown,Downtown Activation Plan (quarterly midpoint),2021-11-15,0,0,11,0,51.4,1.0,none,7800,6529
downtown,Downtown Activation Plan (quarterly midpoint),2022-02-15,1,0,2,0,44.2,0.0,none,7800,5956
downtown,Downtown Activation Plan (quarterly midpoint),2022-05-16,0,0,5,0,53.5,0.36,none,7800,7819
downtown,Downtown Activation Plan (quarterly midpoint),2022-08-15,0,0,8,1,68.3,0.0,none,7800,8921
downtown,Downtown Activation Plan (quarterly midpoint),2022-11-15,1,0,11,0,42.7,0.0,none,7800,7195
downtown,Downtown Activation Plan (quarterly midpoint),2023-02-15,2,0,2,0,36.9,0.0,none,7800,7194
downtown,Downtown Activation Plan (quarterly midpoint),2023-05-16,1,0,5,0,65.2,0.0,none,7800,8867
downtown,Downtown Activation Plan (quarterly midpoint),2023-08-15,1,0,8,1,76.7,0.0,none,7800,9575
downtown,Downtown Activation Plan (quarterly midpoint),2023-11-15,2,0,11,0,41.9,0.0,none,7800,7669
downtown,Downtown Activation Plan (quarterly midpoint),2024-02-15,3,0,2,0,37.5,0.94,none,7800,7393
downtown,Downtown Activation Plan (quarterly midpoint),2024-05-16,3,0,5,0,58.2,0.17,none,7800,8792
downtown,Downtown Activation Plan (quarterly midpoint),2024-08-15,3,0,8,1,66.8,0.0,none,7800,9626
downtown,Downtown Activation Plan (quarterly midpoint),2024-11-15,4,0,11,0,44.8,0.23,none,7800,8223
downtown,Downtown Activation Plan (quarterly midpoint),2025-02-15,5,1,2,0,39.6,0.21,none,7800,7800
